"Estimate","Est.Error","l-95% CI","u-95% CI","Rhat","Bulk_ESS","Tail_ESS","row.names.crop_coef.","Trait","Model","row.names.wild_coef."
-2.25016508597845,10.2941347430287,-22.647253356714,17.5877825721385,1.00223552431916,2181.50525372885,1975.52274832919,c("Intercept", "MAP", "MAT", "cultivation", NA, NA, NA, NA, "Intercept", "MAP", "MAT", "cultivation", NA, NA, NA, NA, "Intercept", "MAP", "MAT", "cultivation", NA, NA, NA, NA, "Intercept", "MAP", "MAT", "cultivation", NA, NA, NA, NA, "Intercept", "MAP", "MAT", "cultivation", NA, NA, NA, NA, "Intercept", "MAP", "MAT", "cultivation", NA, NA, NA, NA, "Intercept", "MAP", "MAT", "cultivation", NA, NA, NA, NA, "Intercept", "MAP", "MAT", "cultivation", NA, NA, NA, NA, "Intercept", "MAP", "MAT", "cultivation", 
NA, NA, NA, NA),"Growthdirection","Crop",c(NA, NA, NA, NA, "Intercept", "MAP", "MAT", "cultivation", NA, NA, NA, NA, "Intercept", "MAP", "MAT", "cultivation", NA, NA, NA, NA, "Intercept", "MAP", "MAT", "cultivation", NA, NA, NA, NA, "Intercept", "MAP", "MAT", "cultivation", NA, NA, NA, NA, "Intercept", "MAP", "MAT", "cultivation", NA, NA, NA, NA, "Intercept", "MAP", "MAT", "cultivation", NA, NA, NA, NA, "Intercept", "MAP", "MAT", "cultivation", NA, NA, NA, NA, "Intercept", "MAP", "MAT", "cultivation", NA, NA, NA, NA, "Intercept", "MAP", 
"MAT", "cultivation")
0.00253071440164599,0.0367090266104646,-0.0684216179672773,0.0762059896672281,1.00227223725925,2148.10587230882,1919.59105863971,c("Intercept", "MAP", "MAT", "cultivation", NA, NA, NA, NA, "Intercept", "MAP", "MAT", "cultivation", NA, NA, NA, NA, "Intercept", "MAP", "MAT", "cultivation", NA, NA, NA, NA, "Intercept", "MAP", "MAT", "cultivation", NA, NA, NA, NA, "Intercept", "MAP", "MAT", "cultivation", NA, NA, NA, NA, "Intercept", "MAP", "MAT", "cultivation", NA, NA, NA, NA, "Intercept", "MAP", "MAT", "cultivation", NA, NA, NA, NA, "Intercept", "MAP", "MAT", "cultivation", NA, NA, NA, NA, "Intercept", "MAP", "MAT", "cultivation", 
NA, NA, NA, NA),"Growthdirection","Crop",c(NA, NA, NA, NA, "Intercept", "MAP", "MAT", "cultivation", NA, NA, NA, NA, "Intercept", "MAP", "MAT", "cultivation", NA, NA, NA, NA, "Intercept", "MAP", "MAT", "cultivation", NA, NA, NA, NA, "Intercept", "MAP", "MAT", "cultivation", NA, NA, NA, NA, "Intercept", "MAP", "MAT", "cultivation", NA, NA, NA, NA, "Intercept", "MAP", "MAT", "cultivation", NA, NA, NA, NA, "Intercept", "MAP", "MAT", "cultivation", NA, NA, NA, NA, "Intercept", "MAP", "MAT", "cultivation", NA, NA, NA, NA, "Intercept", "MAP", 
"MAT", "cultivation")
-0.0264362307738002,0.0397102501573277,-0.103109725989275,0.049085404953573,1.00155730521664,2153.7744297728,2332.20368693787,c("Intercept", "MAP", "MAT", "cultivation", NA, NA, NA, NA, "Intercept", "MAP", "MAT", "cultivation", NA, NA, NA, NA, "Intercept", "MAP", "MAT", "cultivation", NA, NA, NA, NA, "Intercept", "MAP", "MAT", "cultivation", NA, NA, NA, NA, "Intercept", "MAP", "MAT", "cultivation", NA, NA, NA, NA, "Intercept", "MAP", "MAT", "cultivation", NA, NA, NA, NA, "Intercept", "MAP", "MAT", "cultivation", NA, NA, NA, NA, "Intercept", "MAP", "MAT", "cultivation", NA, NA, NA, NA, "Intercept", "MAP", "MAT", "cultivation", 
NA, NA, NA, NA),"Growthdirection","Crop",c(NA, NA, NA, NA, "Intercept", "MAP", "MAT", "cultivation", NA, NA, NA, NA, "Intercept", "MAP", "MAT", "cultivation", NA, NA, NA, NA, "Intercept", "MAP", "MAT", "cultivation", NA, NA, NA, NA, "Intercept", "MAP", "MAT", "cultivation", NA, NA, NA, NA, "Intercept", "MAP", "MAT", "cultivation", NA, NA, NA, NA, "Intercept", "MAP", "MAT", "cultivation", NA, NA, NA, NA, "Intercept", "MAP", "MAT", "cultivation", NA, NA, NA, NA, "Intercept", "MAP", "MAT", "cultivation", NA, NA, NA, NA, "Intercept", "MAP", 
"MAT", "cultivation")
1.56525659425324e-05,5.80281531076228e-05,-0.000101769131293244,0.000127476467425812,1.00076993518531,5547.01799298544,4013.15122576457,c("Intercept", "MAP", "MAT", "cultivation", NA, NA, NA, NA, "Intercept", "MAP", "MAT", "cultivation", NA, NA, NA, NA, "Intercept", "MAP", "MAT", "cultivation", NA, NA, NA, NA, "Intercept", "MAP", "MAT", "cultivation", NA, NA, NA, NA, "Intercept", "MAP", "MAT", "cultivation", NA, NA, NA, NA, "Intercept", "MAP", "MAT", "cultivation", NA, NA, NA, NA, "Intercept", "MAP", "MAT", "cultivation", NA, NA, NA, NA, "Intercept", "MAP", "MAT", "cultivation", NA, NA, NA, NA, "Intercept", "MAP", "MAT", "cultivation", 
NA, NA, NA, NA),"Growthdirection","Crop",c(NA, NA, NA, NA, "Intercept", "MAP", "MAT", "cultivation", NA, NA, NA, NA, "Intercept", "MAP", "MAT", "cultivation", NA, NA, NA, NA, "Intercept", "MAP", "MAT", "cultivation", NA, NA, NA, NA, "Intercept", "MAP", "MAT", "cultivation", NA, NA, NA, NA, "Intercept", "MAP", "MAT", "cultivation", NA, NA, NA, NA, "Intercept", "MAP", "MAT", "cultivation", NA, NA, NA, NA, "Intercept", "MAP", "MAT", "cultivation", NA, NA, NA, NA, "Intercept", "MAP", "MAT", "cultivation", NA, NA, NA, NA, "Intercept", "MAP", 
"MAT", "cultivation")
7.69075061375511,13.898589758925,-20.3867364535887,34.534178563742,1.00184599068492,1921.79019352431,2325.98499615493,c("Intercept", "MAP", "MAT", "cultivation", NA, NA, NA, NA, "Intercept", "MAP", "MAT", "cultivation", NA, NA, NA, NA, "Intercept", "MAP", "MAT", "cultivation", NA, NA, NA, NA, "Intercept", "MAP", "MAT", "cultivation", NA, NA, NA, NA, "Intercept", "MAP", "MAT", "cultivation", NA, NA, NA, NA, "Intercept", "MAP", "MAT", "cultivation", NA, NA, NA, NA, "Intercept", "MAP", "MAT", "cultivation", NA, NA, NA, NA, "Intercept", "MAP", "MAT", "cultivation", NA, NA, NA, NA, "Intercept", "MAP", "MAT", "cultivation", 
NA, NA, NA, NA),"Growthdirection","Wild",c(NA, NA, NA, NA, "Intercept", "MAP", "MAT", "cultivation", NA, NA, NA, NA, "Intercept", "MAP", "MAT", "cultivation", NA, NA, NA, NA, "Intercept", "MAP", "MAT", "cultivation", NA, NA, NA, NA, "Intercept", "MAP", "MAT", "cultivation", NA, NA, NA, NA, "Intercept", "MAP", "MAT", "cultivation", NA, NA, NA, NA, "Intercept", "MAP", "MAT", "cultivation", NA, NA, NA, NA, "Intercept", "MAP", "MAT", "cultivation", NA, NA, NA, NA, "Intercept", "MAP", "MAT", "cultivation", NA, NA, NA, NA, "Intercept", "MAP", 
"MAT", "cultivation")
-0.0362496018987991,0.0499947430425024,-0.133785214164491,0.0646299848365887,1.00254540472107,1870.91104002091,2224.25595649445,c("Intercept", "MAP", "MAT", "cultivation", NA, NA, NA, NA, "Intercept", "MAP", "MAT", "cultivation", NA, NA, NA, NA, "Intercept", "MAP", "MAT", "cultivation", NA, NA, NA, NA, "Intercept", "MAP", "MAT", "cultivation", NA, NA, NA, NA, "Intercept", "MAP", "MAT", "cultivation", NA, NA, NA, NA, "Intercept", "MAP", "MAT", "cultivation", NA, NA, NA, NA, "Intercept", "MAP", "MAT", "cultivation", NA, NA, NA, NA, "Intercept", "MAP", "MAT", "cultivation", NA, NA, NA, NA, "Intercept", "MAP", "MAT", "cultivation", 
NA, NA, NA, NA),"Growthdirection","Wild",c(NA, NA, NA, NA, "Intercept", "MAP", "MAT", "cultivation", NA, NA, NA, NA, "Intercept", "MAP", "MAT", "cultivation", NA, NA, NA, NA, "Intercept", "MAP", "MAT", "cultivation", NA, NA, NA, NA, "Intercept", "MAP", "MAT", "cultivation", NA, NA, NA, NA, "Intercept", "MAP", "MAT", "cultivation", NA, NA, NA, NA, "Intercept", "MAP", "MAT", "cultivation", NA, NA, NA, NA, "Intercept", "MAP", "MAT", "cultivation", NA, NA, NA, NA, "Intercept", "MAP", "MAT", "cultivation", NA, NA, NA, NA, "Intercept", "MAP", 
"MAT", "cultivation")
0.0162888321614515,0.0566088710049196,-0.0888634082651103,0.132399857270902,1.00172552944183,1817.1674437327,2240.09607542091,c("Intercept", "MAP", "MAT", "cultivation", NA, NA, NA, NA, "Intercept", "MAP", "MAT", "cultivation", NA, NA, NA, NA, "Intercept", "MAP", "MAT", "cultivation", NA, NA, NA, NA, "Intercept", "MAP", "MAT", "cultivation", NA, NA, NA, NA, "Intercept", "MAP", "MAT", "cultivation", NA, NA, NA, NA, "Intercept", "MAP", "MAT", "cultivation", NA, NA, NA, NA, "Intercept", "MAP", "MAT", "cultivation", NA, NA, NA, NA, "Intercept", "MAP", "MAT", "cultivation", NA, NA, NA, NA, "Intercept", "MAP", "MAT", "cultivation", 
NA, NA, NA, NA),"Growthdirection","Wild",c(NA, NA, NA, NA, "Intercept", "MAP", "MAT", "cultivation", NA, NA, NA, NA, "Intercept", "MAP", "MAT", "cultivation", NA, NA, NA, NA, "Intercept", "MAP", "MAT", "cultivation", NA, NA, NA, NA, "Intercept", "MAP", "MAT", "cultivation", NA, NA, NA, NA, "Intercept", "MAP", "MAT", "cultivation", NA, NA, NA, NA, "Intercept", "MAP", "MAT", "cultivation", NA, NA, NA, NA, "Intercept", "MAP", "MAT", "cultivation", NA, NA, NA, NA, "Intercept", "MAP", "MAT", "cultivation", NA, NA, NA, NA, "Intercept", "MAP", 
"MAT", "cultivation")
-2.94841395165935e-05,8.33762609006184e-05,-0.000197696865788868,0.000126455095404248,1.00090301356303,5955.77287585116,4040.73673526913,c("Intercept", "MAP", "MAT", "cultivation", NA, NA, NA, NA, "Intercept", "MAP", "MAT", "cultivation", NA, NA, NA, NA, "Intercept", "MAP", "MAT", "cultivation", NA, NA, NA, NA, "Intercept", "MAP", "MAT", "cultivation", NA, NA, NA, NA, "Intercept", "MAP", "MAT", "cultivation", NA, NA, NA, NA, "Intercept", "MAP", "MAT", "cultivation", NA, NA, NA, NA, "Intercept", "MAP", "MAT", "cultivation", NA, NA, NA, NA, "Intercept", "MAP", "MAT", "cultivation", NA, NA, NA, NA, "Intercept", "MAP", "MAT", "cultivation", 
NA, NA, NA, NA),"Growthdirection","Wild",c(NA, NA, NA, NA, "Intercept", "MAP", "MAT", "cultivation", NA, NA, NA, NA, "Intercept", "MAP", "MAT", "cultivation", NA, NA, NA, NA, "Intercept", "MAP", "MAT", "cultivation", NA, NA, NA, NA, "Intercept", "MAP", "MAT", "cultivation", NA, NA, NA, NA, "Intercept", "MAP", "MAT", "cultivation", NA, NA, NA, NA, "Intercept", "MAP", "MAT", "cultivation", NA, NA, NA, NA, "Intercept", "MAP", "MAT", "cultivation", NA, NA, NA, NA, "Intercept", "MAP", "MAT", "cultivation", NA, NA, NA, NA, "Intercept", "MAP", 
"MAT", "cultivation")
-11.3249804336195,11.6157431780629,-35.9703002645373,9.83099248484304,1.00117194400283,1807.69311432899,2398.25044278447,c("Intercept", "MAP", "MAT", "cultivation", NA, NA, NA, NA, "Intercept", "MAP", "MAT", "cultivation", NA, NA, NA, NA, "Intercept", "MAP", "MAT", "cultivation", NA, NA, NA, NA, "Intercept", "MAP", "MAT", "cultivation", NA, NA, NA, NA, "Intercept", "MAP", "MAT", "cultivation", NA, NA, NA, NA, "Intercept", "MAP", "MAT", "cultivation", NA, NA, NA, NA, "Intercept", "MAP", "MAT", "cultivation", NA, NA, NA, NA, "Intercept", "MAP", "MAT", "cultivation", NA, NA, NA, NA, "Intercept", "MAP", "MAT", "cultivation", 
NA, NA, NA, NA),"Phyllotaxis","Crop",c(NA, NA, NA, NA, "Intercept", "MAP", "MAT", "cultivation", NA, NA, NA, NA, "Intercept", "MAP", "MAT", "cultivation", NA, NA, NA, NA, "Intercept", "MAP", "MAT", "cultivation", NA, NA, NA, NA, "Intercept", "MAP", "MAT", "cultivation", NA, NA, NA, NA, "Intercept", "MAP", "MAT", "cultivation", NA, NA, NA, NA, "Intercept", "MAP", "MAT", "cultivation", NA, NA, NA, NA, "Intercept", "MAP", "MAT", "cultivation", NA, NA, NA, NA, "Intercept", "MAP", "MAT", "cultivation", NA, NA, NA, NA, "Intercept", "MAP", 
"MAT", "cultivation")
0.0352314812522689,0.0411178804055469,-0.0397571601061101,0.122423548592386,1.00105635977317,1785.53045139473,2366.16022456381,c("Intercept", "MAP", "MAT", "cultivation", NA, NA, NA, NA, "Intercept", "MAP", "MAT", "cultivation", NA, NA, NA, NA, "Intercept", "MAP", "MAT", "cultivation", NA, NA, NA, NA, "Intercept", "MAP", "MAT", "cultivation", NA, NA, NA, NA, "Intercept", "MAP", "MAT", "cultivation", NA, NA, NA, NA, "Intercept", "MAP", "MAT", "cultivation", NA, NA, NA, NA, "Intercept", "MAP", "MAT", "cultivation", NA, NA, NA, NA, "Intercept", "MAP", "MAT", "cultivation", NA, NA, NA, NA, "Intercept", "MAP", "MAT", "cultivation", 
NA, NA, NA, NA),"Phyllotaxis","Crop",c(NA, NA, NA, NA, "Intercept", "MAP", "MAT", "cultivation", NA, NA, NA, NA, "Intercept", "MAP", "MAT", "cultivation", NA, NA, NA, NA, "Intercept", "MAP", "MAT", "cultivation", NA, NA, NA, NA, "Intercept", "MAP", "MAT", "cultivation", NA, NA, NA, NA, "Intercept", "MAP", "MAT", "cultivation", NA, NA, NA, NA, "Intercept", "MAP", "MAT", "cultivation", NA, NA, NA, NA, "Intercept", "MAP", "MAT", "cultivation", NA, NA, NA, NA, "Intercept", "MAP", "MAT", "cultivation", NA, NA, NA, NA, "Intercept", "MAP", 
"MAT", "cultivation")
-0.0825281317672411,0.0411677071874225,-0.1636403646527,0.000351404002523493,1.0023475256167,1873.88884133324,2553.22133840858,c("Intercept", "MAP", "MAT", "cultivation", NA, NA, NA, NA, "Intercept", "MAP", "MAT", "cultivation", NA, NA, NA, NA, "Intercept", "MAP", "MAT", "cultivation", NA, NA, NA, NA, "Intercept", "MAP", "MAT", "cultivation", NA, NA, NA, NA, "Intercept", "MAP", "MAT", "cultivation", NA, NA, NA, NA, "Intercept", "MAP", "MAT", "cultivation", NA, NA, NA, NA, "Intercept", "MAP", "MAT", "cultivation", NA, NA, NA, NA, "Intercept", "MAP", "MAT", "cultivation", NA, NA, NA, NA, "Intercept", "MAP", "MAT", "cultivation", 
NA, NA, NA, NA),"Phyllotaxis","Crop",c(NA, NA, NA, NA, "Intercept", "MAP", "MAT", "cultivation", NA, NA, NA, NA, "Intercept", "MAP", "MAT", "cultivation", NA, NA, NA, NA, "Intercept", "MAP", "MAT", "cultivation", NA, NA, NA, NA, "Intercept", "MAP", "MAT", "cultivation", NA, NA, NA, NA, "Intercept", "MAP", "MAT", "cultivation", NA, NA, NA, NA, "Intercept", "MAP", "MAT", "cultivation", NA, NA, NA, NA, "Intercept", "MAP", "MAT", "cultivation", NA, NA, NA, NA, "Intercept", "MAP", "MAT", "cultivation", NA, NA, NA, NA, "Intercept", "MAP", 
"MAT", "cultivation")
4.68405814300864e-05,6.5784215462922e-05,-8.79136425325059e-05,0.000172038223077293,1.00148380580659,5636.25649042583,4417.20851558681,c("Intercept", "MAP", "MAT", "cultivation", NA, NA, NA, NA, "Intercept", "MAP", "MAT", "cultivation", NA, NA, NA, NA, "Intercept", "MAP", "MAT", "cultivation", NA, NA, NA, NA, "Intercept", "MAP", "MAT", "cultivation", NA, NA, NA, NA, "Intercept", "MAP", "MAT", "cultivation", NA, NA, NA, NA, "Intercept", "MAP", "MAT", "cultivation", NA, NA, NA, NA, "Intercept", "MAP", "MAT", "cultivation", NA, NA, NA, NA, "Intercept", "MAP", "MAT", "cultivation", NA, NA, NA, NA, "Intercept", "MAP", "MAT", "cultivation", 
NA, NA, NA, NA),"Phyllotaxis","Crop",c(NA, NA, NA, NA, "Intercept", "MAP", "MAT", "cultivation", NA, NA, NA, NA, "Intercept", "MAP", "MAT", "cultivation", NA, NA, NA, NA, "Intercept", "MAP", "MAT", "cultivation", NA, NA, NA, NA, "Intercept", "MAP", "MAT", "cultivation", NA, NA, NA, NA, "Intercept", "MAP", "MAT", "cultivation", NA, NA, NA, NA, "Intercept", "MAP", "MAT", "cultivation", NA, NA, NA, NA, "Intercept", "MAP", "MAT", "cultivation", NA, NA, NA, NA, "Intercept", "MAP", "MAT", "cultivation", NA, NA, NA, NA, "Intercept", "MAP", 
"MAT", "cultivation")
1.69707859814994,14.6341339183325,-27.825727497683,30.6008503731365,1.00158140594249,2021.27361909583,2253.77443691827,c("Intercept", "MAP", "MAT", "cultivation", NA, NA, NA, NA, "Intercept", "MAP", "MAT", "cultivation", NA, NA, NA, NA, "Intercept", "MAP", "MAT", "cultivation", NA, NA, NA, NA, "Intercept", "MAP", "MAT", "cultivation", NA, NA, NA, NA, "Intercept", "MAP", "MAT", "cultivation", NA, NA, NA, NA, "Intercept", "MAP", "MAT", "cultivation", NA, NA, NA, NA, "Intercept", "MAP", "MAT", "cultivation", NA, NA, NA, NA, "Intercept", "MAP", "MAT", "cultivation", NA, NA, NA, NA, "Intercept", "MAP", "MAT", "cultivation", 
NA, NA, NA, NA),"Phyllotaxis","Wild",c(NA, NA, NA, NA, "Intercept", "MAP", "MAT", "cultivation", NA, NA, NA, NA, "Intercept", "MAP", "MAT", "cultivation", NA, NA, NA, NA, "Intercept", "MAP", "MAT", "cultivation", NA, NA, NA, NA, "Intercept", "MAP", "MAT", "cultivation", NA, NA, NA, NA, "Intercept", "MAP", "MAT", "cultivation", NA, NA, NA, NA, "Intercept", "MAP", "MAT", "cultivation", NA, NA, NA, NA, "Intercept", "MAP", "MAT", "cultivation", NA, NA, NA, NA, "Intercept", "MAP", "MAT", "cultivation", NA, NA, NA, NA, "Intercept", "MAP", 
"MAT", "cultivation")
-0.0137445522655726,0.05218195240206,-0.118216653201535,0.090546199034836,1.00151649822712,1970.44419212989,2265.78871797933,c("Intercept", "MAP", "MAT", "cultivation", NA, NA, NA, NA, "Intercept", "MAP", "MAT", "cultivation", NA, NA, NA, NA, "Intercept", "MAP", "MAT", "cultivation", NA, NA, NA, NA, "Intercept", "MAP", "MAT", "cultivation", NA, NA, NA, NA, "Intercept", "MAP", "MAT", "cultivation", NA, NA, NA, NA, "Intercept", "MAP", "MAT", "cultivation", NA, NA, NA, NA, "Intercept", "MAP", "MAT", "cultivation", NA, NA, NA, NA, "Intercept", "MAP", "MAT", "cultivation", NA, NA, NA, NA, "Intercept", "MAP", "MAT", "cultivation", 
NA, NA, NA, NA),"Phyllotaxis","Wild",c(NA, NA, NA, NA, "Intercept", "MAP", "MAT", "cultivation", NA, NA, NA, NA, "Intercept", "MAP", "MAT", "cultivation", NA, NA, NA, NA, "Intercept", "MAP", "MAT", "cultivation", NA, NA, NA, NA, "Intercept", "MAP", "MAT", "cultivation", NA, NA, NA, NA, "Intercept", "MAP", "MAT", "cultivation", NA, NA, NA, NA, "Intercept", "MAP", "MAT", "cultivation", NA, NA, NA, NA, "Intercept", "MAP", "MAT", "cultivation", NA, NA, NA, NA, "Intercept", "MAP", "MAT", "cultivation", NA, NA, NA, NA, "Intercept", "MAP", 
"MAT", "cultivation")
-0.0488735073068496,0.0590786550414063,-0.160019868478472,0.0673567575137498,1.00125248316792,1817.1471025752,2071.13130482785,c("Intercept", "MAP", "MAT", "cultivation", NA, NA, NA, NA, "Intercept", "MAP", "MAT", "cultivation", NA, NA, NA, NA, "Intercept", "MAP", "MAT", "cultivation", NA, NA, NA, NA, "Intercept", "MAP", "MAT", "cultivation", NA, NA, NA, NA, "Intercept", "MAP", "MAT", "cultivation", NA, NA, NA, NA, "Intercept", "MAP", "MAT", "cultivation", NA, NA, NA, NA, "Intercept", "MAP", "MAT", "cultivation", NA, NA, NA, NA, "Intercept", "MAP", "MAT", "cultivation", NA, NA, NA, NA, "Intercept", "MAP", "MAT", "cultivation", 
NA, NA, NA, NA),"Phyllotaxis","Wild",c(NA, NA, NA, NA, "Intercept", "MAP", "MAT", "cultivation", NA, NA, NA, NA, "Intercept", "MAP", "MAT", "cultivation", NA, NA, NA, NA, "Intercept", "MAP", "MAT", "cultivation", NA, NA, NA, NA, "Intercept", "MAP", "MAT", "cultivation", NA, NA, NA, NA, "Intercept", "MAP", "MAT", "cultivation", NA, NA, NA, NA, "Intercept", "MAP", "MAT", "cultivation", NA, NA, NA, NA, "Intercept", "MAP", "MAT", "cultivation", NA, NA, NA, NA, "Intercept", "MAP", "MAT", "cultivation", NA, NA, NA, NA, "Intercept", "MAP", 
"MAT", "cultivation")
-6.13067197957291e-06,9.58996698511672e-05,-0.000201503904205502,0.000171416742749033,1.00032936515095,5547.24357669782,4001.02069024403,c("Intercept", "MAP", "MAT", "cultivation", NA, NA, NA, NA, "Intercept", "MAP", "MAT", "cultivation", NA, NA, NA, NA, "Intercept", "MAP", "MAT", "cultivation", NA, NA, NA, NA, "Intercept", "MAP", "MAT", "cultivation", NA, NA, NA, NA, "Intercept", "MAP", "MAT", "cultivation", NA, NA, NA, NA, "Intercept", "MAP", "MAT", "cultivation", NA, NA, NA, NA, "Intercept", "MAP", "MAT", "cultivation", NA, NA, NA, NA, "Intercept", "MAP", "MAT", "cultivation", NA, NA, NA, NA, "Intercept", "MAP", "MAT", "cultivation", 
NA, NA, NA, NA),"Phyllotaxis","Wild",c(NA, NA, NA, NA, "Intercept", "MAP", "MAT", "cultivation", NA, NA, NA, NA, "Intercept", "MAP", "MAT", "cultivation", NA, NA, NA, NA, "Intercept", "MAP", "MAT", "cultivation", NA, NA, NA, NA, "Intercept", "MAP", "MAT", "cultivation", NA, NA, NA, NA, "Intercept", "MAP", "MAT", "cultivation", NA, NA, NA, NA, "Intercept", "MAP", "MAT", "cultivation", NA, NA, NA, NA, "Intercept", "MAP", "MAT", "cultivation", NA, NA, NA, NA, "Intercept", "MAP", "MAT", "cultivation", NA, NA, NA, NA, "Intercept", "MAP", 
"MAT", "cultivation")
157.731703298602,111.714323078276,32.2298792943371,458.269684030841,1.00858420107438,464.139107728424,485.701341783713,c("Intercept", "MAP", "MAT", "cultivation", NA, NA, NA, NA, "Intercept", "MAP", "MAT", "cultivation", NA, NA, NA, NA, "Intercept", "MAP", "MAT", "cultivation", NA, NA, NA, NA, "Intercept", "MAP", "MAT", "cultivation", NA, NA, NA, NA, "Intercept", "MAP", "MAT", "cultivation", NA, NA, NA, NA, "Intercept", "MAP", "MAT", "cultivation", NA, NA, NA, NA, "Intercept", "MAP", "MAT", "cultivation", NA, NA, NA, NA, "Intercept", "MAP", "MAT", "cultivation", NA, NA, NA, NA, "Intercept", "MAP", "MAT", "cultivation", 
NA, NA, NA, NA),"Branching","Crop",c(NA, NA, NA, NA, "Intercept", "MAP", "MAT", "cultivation", NA, NA, NA, NA, "Intercept", "MAP", "MAT", "cultivation", NA, NA, NA, NA, "Intercept", "MAP", "MAT", "cultivation", NA, NA, NA, NA, "Intercept", "MAP", "MAT", "cultivation", NA, NA, NA, NA, "Intercept", "MAP", "MAT", "cultivation", NA, NA, NA, NA, "Intercept", "MAP", "MAT", "cultivation", NA, NA, NA, NA, "Intercept", "MAP", "MAT", "cultivation", NA, NA, NA, NA, "Intercept", "MAP", "MAT", "cultivation", NA, NA, NA, NA, "Intercept", "MAP", 
"MAT", "cultivation")
-0.591434064837132,0.414946796676807,-1.70881002176892,-0.127089882552971,1.00860124510454,461.600091445537,484.112616386451,c("Intercept", "MAP", "MAT", "cultivation", NA, NA, NA, NA, "Intercept", "MAP", "MAT", "cultivation", NA, NA, NA, NA, "Intercept", "MAP", "MAT", "cultivation", NA, NA, NA, NA, "Intercept", "MAP", "MAT", "cultivation", NA, NA, NA, NA, "Intercept", "MAP", "MAT", "cultivation", NA, NA, NA, NA, "Intercept", "MAP", "MAT", "cultivation", NA, NA, NA, NA, "Intercept", "MAP", "MAT", "cultivation", NA, NA, NA, NA, "Intercept", "MAP", "MAT", "cultivation", NA, NA, NA, NA, "Intercept", "MAP", "MAT", "cultivation", 
NA, NA, NA, NA),"Branching","Crop",c(NA, NA, NA, NA, "Intercept", "MAP", "MAT", "cultivation", NA, NA, NA, NA, "Intercept", "MAP", "MAT", "cultivation", NA, NA, NA, NA, "Intercept", "MAP", "MAT", "cultivation", NA, NA, NA, NA, "Intercept", "MAP", "MAT", "cultivation", NA, NA, NA, NA, "Intercept", "MAP", "MAT", "cultivation", NA, NA, NA, NA, "Intercept", "MAP", "MAT", "cultivation", NA, NA, NA, NA, "Intercept", "MAP", "MAT", "cultivation", NA, NA, NA, NA, "Intercept", "MAP", "MAT", "cultivation", NA, NA, NA, NA, "Intercept", "MAP", 
"MAT", "cultivation")
0.347918485835857,0.305790539517499,-0.0843756252517252,1.09795477504214,1.00816765632477,474.45621947477,496.638963376395,c("Intercept", "MAP", "MAT", "cultivation", NA, NA, NA, NA, "Intercept", "MAP", "MAT", "cultivation", NA, NA, NA, NA, "Intercept", "MAP", "MAT", "cultivation", NA, NA, NA, NA, "Intercept", "MAP", "MAT", "cultivation", NA, NA, NA, NA, "Intercept", "MAP", "MAT", "cultivation", NA, NA, NA, NA, "Intercept", "MAP", "MAT", "cultivation", NA, NA, NA, NA, "Intercept", "MAP", "MAT", "cultivation", NA, NA, NA, NA, "Intercept", "MAP", "MAT", "cultivation", NA, NA, NA, NA, "Intercept", "MAP", "MAT", "cultivation", 
NA, NA, NA, NA),"Branching","Crop",c(NA, NA, NA, NA, "Intercept", "MAP", "MAT", "cultivation", NA, NA, NA, NA, "Intercept", "MAP", "MAT", "cultivation", NA, NA, NA, NA, "Intercept", "MAP", "MAT", "cultivation", NA, NA, NA, NA, "Intercept", "MAP", "MAT", "cultivation", NA, NA, NA, NA, "Intercept", "MAP", "MAT", "cultivation", NA, NA, NA, NA, "Intercept", "MAP", "MAT", "cultivation", NA, NA, NA, NA, "Intercept", "MAP", "MAT", "cultivation", NA, NA, NA, NA, "Intercept", "MAP", "MAT", "cultivation", NA, NA, NA, NA, "Intercept", "MAP", 
"MAT", "cultivation")
-0.00017587985741897,0.000220140692176954,-0.000656222261335513,0.00019897196379115,1.00086582405974,3913.29132310158,3224.67861431151,c("Intercept", "MAP", "MAT", "cultivation", NA, NA, NA, NA, "Intercept", "MAP", "MAT", "cultivation", NA, NA, NA, NA, "Intercept", "MAP", "MAT", "cultivation", NA, NA, NA, NA, "Intercept", "MAP", "MAT", "cultivation", NA, NA, NA, NA, "Intercept", "MAP", "MAT", "cultivation", NA, NA, NA, NA, "Intercept", "MAP", "MAT", "cultivation", NA, NA, NA, NA, "Intercept", "MAP", "MAT", "cultivation", NA, NA, NA, NA, "Intercept", "MAP", "MAT", "cultivation", NA, NA, NA, NA, "Intercept", "MAP", "MAT", "cultivation", 
NA, NA, NA, NA),"Branching","Crop",c(NA, NA, NA, NA, "Intercept", "MAP", "MAT", "cultivation", NA, NA, NA, NA, "Intercept", "MAP", "MAT", "cultivation", NA, NA, NA, NA, "Intercept", "MAP", "MAT", "cultivation", NA, NA, NA, NA, "Intercept", "MAP", "MAT", "cultivation", NA, NA, NA, NA, "Intercept", "MAP", "MAT", "cultivation", NA, NA, NA, NA, "Intercept", "MAP", "MAT", "cultivation", NA, NA, NA, NA, "Intercept", "MAP", "MAT", "cultivation", NA, NA, NA, NA, "Intercept", "MAP", "MAT", "cultivation", NA, NA, NA, NA, "Intercept", "MAP", 
"MAT", "cultivation")
64.3486704028176,37.4221249222857,6.03734585467297,151.729234901315,1.00799497927747,890.677755007998,895.565238503921,c("Intercept", "MAP", "MAT", "cultivation", NA, NA, NA, NA, "Intercept", "MAP", "MAT", "cultivation", NA, NA, NA, NA, "Intercept", "MAP", "MAT", "cultivation", NA, NA, NA, NA, "Intercept", "MAP", "MAT", "cultivation", NA, NA, NA, NA, "Intercept", "MAP", "MAT", "cultivation", NA, NA, NA, NA, "Intercept", "MAP", "MAT", "cultivation", NA, NA, NA, NA, "Intercept", "MAP", "MAT", "cultivation", NA, NA, NA, NA, "Intercept", "MAP", "MAT", "cultivation", NA, NA, NA, NA, "Intercept", "MAP", "MAT", "cultivation", 
NA, NA, NA, NA),"Branching","Wild",c(NA, NA, NA, NA, "Intercept", "MAP", "MAT", "cultivation", NA, NA, NA, NA, "Intercept", "MAP", "MAT", "cultivation", NA, NA, NA, NA, "Intercept", "MAP", "MAT", "cultivation", NA, NA, NA, NA, "Intercept", "MAP", "MAT", "cultivation", NA, NA, NA, NA, "Intercept", "MAP", "MAT", "cultivation", NA, NA, NA, NA, "Intercept", "MAP", "MAT", "cultivation", NA, NA, NA, NA, "Intercept", "MAP", "MAT", "cultivation", NA, NA, NA, NA, "Intercept", "MAP", "MAT", "cultivation", NA, NA, NA, NA, "Intercept", "MAP", 
"MAT", "cultivation")
-0.244613510768063,0.137459385825566,-0.565902001512602,-0.0304383544954259,1.00807439813241,885.074762593975,915.940907132462,c("Intercept", "MAP", "MAT", "cultivation", NA, NA, NA, NA, "Intercept", "MAP", "MAT", "cultivation", NA, NA, NA, NA, "Intercept", "MAP", "MAT", "cultivation", NA, NA, NA, NA, "Intercept", "MAP", "MAT", "cultivation", NA, NA, NA, NA, "Intercept", "MAP", "MAT", "cultivation", NA, NA, NA, NA, "Intercept", "MAP", "MAT", "cultivation", NA, NA, NA, NA, "Intercept", "MAP", "MAT", "cultivation", NA, NA, NA, NA, "Intercept", "MAP", "MAT", "cultivation", NA, NA, NA, NA, "Intercept", "MAP", "MAT", "cultivation", 
NA, NA, NA, NA),"Branching","Wild",c(NA, NA, NA, NA, "Intercept", "MAP", "MAT", "cultivation", NA, NA, NA, NA, "Intercept", "MAP", "MAT", "cultivation", NA, NA, NA, NA, "Intercept", "MAP", "MAT", "cultivation", NA, NA, NA, NA, "Intercept", "MAP", "MAT", "cultivation", NA, NA, NA, NA, "Intercept", "MAP", "MAT", "cultivation", NA, NA, NA, NA, "Intercept", "MAP", "MAT", "cultivation", NA, NA, NA, NA, "Intercept", "MAP", "MAT", "cultivation", NA, NA, NA, NA, "Intercept", "MAP", "MAT", "cultivation", NA, NA, NA, NA, "Intercept", "MAP", 
"MAT", "cultivation")
0.0048508760724574,0.131517411407158,-0.232464444770107,0.300016987836528,1.0032692065436,1487.74198457439,1807.92293028282,c("Intercept", "MAP", "MAT", "cultivation", NA, NA, NA, NA, "Intercept", "MAP", "MAT", "cultivation", NA, NA, NA, NA, "Intercept", "MAP", "MAT", "cultivation", NA, NA, NA, NA, "Intercept", "MAP", "MAT", "cultivation", NA, NA, NA, NA, "Intercept", "MAP", "MAT", "cultivation", NA, NA, NA, NA, "Intercept", "MAP", "MAT", "cultivation", NA, NA, NA, NA, "Intercept", "MAP", "MAT", "cultivation", NA, NA, NA, NA, "Intercept", "MAP", "MAT", "cultivation", NA, NA, NA, NA, "Intercept", "MAP", "MAT", "cultivation", 
NA, NA, NA, NA),"Branching","Wild",c(NA, NA, NA, NA, "Intercept", "MAP", "MAT", "cultivation", NA, NA, NA, NA, "Intercept", "MAP", "MAT", "cultivation", NA, NA, NA, NA, "Intercept", "MAP", "MAT", "cultivation", NA, NA, NA, NA, "Intercept", "MAP", "MAT", "cultivation", NA, NA, NA, NA, "Intercept", "MAP", "MAT", "cultivation", NA, NA, NA, NA, "Intercept", "MAP", "MAT", "cultivation", NA, NA, NA, NA, "Intercept", "MAP", "MAT", "cultivation", NA, NA, NA, NA, "Intercept", "MAP", "MAT", "cultivation", NA, NA, NA, NA, "Intercept", "MAP", 
"MAT", "cultivation")
6.93491865794739e-05,0.000163136852277679,-0.000257980702962152,0.000383694995624691,1.00005260252123,4756.38731189569,3995.71893655892,c("Intercept", "MAP", "MAT", "cultivation", NA, NA, NA, NA, "Intercept", "MAP", "MAT", "cultivation", NA, NA, NA, NA, "Intercept", "MAP", "MAT", "cultivation", NA, NA, NA, NA, "Intercept", "MAP", "MAT", "cultivation", NA, NA, NA, NA, "Intercept", "MAP", "MAT", "cultivation", NA, NA, NA, NA, "Intercept", "MAP", "MAT", "cultivation", NA, NA, NA, NA, "Intercept", "MAP", "MAT", "cultivation", NA, NA, NA, NA, "Intercept", "MAP", "MAT", "cultivation", NA, NA, NA, NA, "Intercept", "MAP", "MAT", "cultivation", 
NA, NA, NA, NA),"Branching","Wild",c(NA, NA, NA, NA, "Intercept", "MAP", "MAT", "cultivation", NA, NA, NA, NA, "Intercept", "MAP", "MAT", "cultivation", NA, NA, NA, NA, "Intercept", "MAP", "MAT", "cultivation", NA, NA, NA, NA, "Intercept", "MAP", "MAT", "cultivation", NA, NA, NA, NA, "Intercept", "MAP", "MAT", "cultivation", NA, NA, NA, NA, "Intercept", "MAP", "MAT", "cultivation", NA, NA, NA, NA, "Intercept", "MAP", "MAT", "cultivation", NA, NA, NA, NA, "Intercept", "MAP", "MAT", "cultivation", NA, NA, NA, NA, "Intercept", "MAP", 
"MAT", "cultivation")
15.5990333339735,12.2300644482545,-7.39939021736962,39.5381063375094,1.00111242971051,1758.10315547725,2612.66791407839,c("Intercept", "MAP", "MAT", "cultivation", NA, NA, NA, NA, "Intercept", "MAP", "MAT", "cultivation", NA, NA, NA, NA, "Intercept", "MAP", "MAT", "cultivation", NA, NA, NA, NA, "Intercept", "MAP", "MAT", "cultivation", NA, NA, NA, NA, "Intercept", "MAP", "MAT", "cultivation", NA, NA, NA, NA, "Intercept", "MAP", "MAT", "cultivation", NA, NA, NA, NA, "Intercept", "MAP", "MAT", "cultivation", NA, NA, NA, NA, "Intercept", "MAP", "MAT", "cultivation", NA, NA, NA, NA, "Intercept", "MAP", "MAT", "cultivation", 
NA, NA, NA, NA),"BranchingType","Crop",c(NA, NA, NA, NA, "Intercept", "MAP", "MAT", "cultivation", NA, NA, NA, NA, "Intercept", "MAP", "MAT", "cultivation", NA, NA, NA, NA, "Intercept", "MAP", "MAT", "cultivation", NA, NA, NA, NA, "Intercept", "MAP", "MAT", "cultivation", NA, NA, NA, NA, "Intercept", "MAP", "MAT", "cultivation", NA, NA, NA, NA, "Intercept", "MAP", "MAT", "cultivation", NA, NA, NA, NA, "Intercept", "MAP", "MAT", "cultivation", NA, NA, NA, NA, "Intercept", "MAP", "MAT", "cultivation", NA, NA, NA, NA, "Intercept", "MAP", 
"MAT", "cultivation")
-0.0645701969191611,0.0443304741357889,-0.152191515274922,0.0186375353192048,1.00101571358755,1716.87618007118,2467.65437027961,c("Intercept", "MAP", "MAT", "cultivation", NA, NA, NA, NA, "Intercept", "MAP", "MAT", "cultivation", NA, NA, NA, NA, "Intercept", "MAP", "MAT", "cultivation", NA, NA, NA, NA, "Intercept", "MAP", "MAT", "cultivation", NA, NA, NA, NA, "Intercept", "MAP", "MAT", "cultivation", NA, NA, NA, NA, "Intercept", "MAP", "MAT", "cultivation", NA, NA, NA, NA, "Intercept", "MAP", "MAT", "cultivation", NA, NA, NA, NA, "Intercept", "MAP", "MAT", "cultivation", NA, NA, NA, NA, "Intercept", "MAP", "MAT", "cultivation", 
NA, NA, NA, NA),"BranchingType","Crop",c(NA, NA, NA, NA, "Intercept", "MAP", "MAT", "cultivation", NA, NA, NA, NA, "Intercept", "MAP", "MAT", "cultivation", NA, NA, NA, NA, "Intercept", "MAP", "MAT", "cultivation", NA, NA, NA, NA, "Intercept", "MAP", "MAT", "cultivation", NA, NA, NA, NA, "Intercept", "MAP", "MAT", "cultivation", NA, NA, NA, NA, "Intercept", "MAP", "MAT", "cultivation", NA, NA, NA, NA, "Intercept", "MAP", "MAT", "cultivation", NA, NA, NA, NA, "Intercept", "MAP", "MAT", "cultivation", NA, NA, NA, NA, "Intercept", "MAP", 
"MAT", "cultivation")
0.0342470527851237,0.0529344446939866,-0.0658315609358393,0.142340158913,1.00129703963093,1795.25100449671,2260.02566687001,c("Intercept", "MAP", "MAT", "cultivation", NA, NA, NA, NA, "Intercept", "MAP", "MAT", "cultivation", NA, NA, NA, NA, "Intercept", "MAP", "MAT", "cultivation", NA, NA, NA, NA, "Intercept", "MAP", "MAT", "cultivation", NA, NA, NA, NA, "Intercept", "MAP", "MAT", "cultivation", NA, NA, NA, NA, "Intercept", "MAP", "MAT", "cultivation", NA, NA, NA, NA, "Intercept", "MAP", "MAT", "cultivation", NA, NA, NA, NA, "Intercept", "MAP", "MAT", "cultivation", NA, NA, NA, NA, "Intercept", "MAP", "MAT", "cultivation", 
NA, NA, NA, NA),"BranchingType","Crop",c(NA, NA, NA, NA, "Intercept", "MAP", "MAT", "cultivation", NA, NA, NA, NA, "Intercept", "MAP", "MAT", "cultivation", NA, NA, NA, NA, "Intercept", "MAP", "MAT", "cultivation", NA, NA, NA, NA, "Intercept", "MAP", "MAT", "cultivation", NA, NA, NA, NA, "Intercept", "MAP", "MAT", "cultivation", NA, NA, NA, NA, "Intercept", "MAP", "MAT", "cultivation", NA, NA, NA, NA, "Intercept", "MAP", "MAT", "cultivation", NA, NA, NA, NA, "Intercept", "MAP", "MAT", "cultivation", NA, NA, NA, NA, "Intercept", "MAP", 
"MAT", "cultivation")
3.38353340283484e-05,6.85099236086128e-05,-0.000101844393189233,0.000165331179665431,1.00035450413349,5424.63756894787,4683.02121799493,c("Intercept", "MAP", "MAT", "cultivation", NA, NA, NA, NA, "Intercept", "MAP", "MAT", "cultivation", NA, NA, NA, NA, "Intercept", "MAP", "MAT", "cultivation", NA, NA, NA, NA, "Intercept", "MAP", "MAT", "cultivation", NA, NA, NA, NA, "Intercept", "MAP", "MAT", "cultivation", NA, NA, NA, NA, "Intercept", "MAP", "MAT", "cultivation", NA, NA, NA, NA, "Intercept", "MAP", "MAT", "cultivation", NA, NA, NA, NA, "Intercept", "MAP", "MAT", "cultivation", NA, NA, NA, NA, "Intercept", "MAP", "MAT", "cultivation", 
NA, NA, NA, NA),"BranchingType","Crop",c(NA, NA, NA, NA, "Intercept", "MAP", "MAT", "cultivation", NA, NA, NA, NA, "Intercept", "MAP", "MAT", "cultivation", NA, NA, NA, NA, "Intercept", "MAP", "MAT", "cultivation", NA, NA, NA, NA, "Intercept", "MAP", "MAT", "cultivation", NA, NA, NA, NA, "Intercept", "MAP", "MAT", "cultivation", NA, NA, NA, NA, "Intercept", "MAP", "MAT", "cultivation", NA, NA, NA, NA, "Intercept", "MAP", "MAT", "cultivation", NA, NA, NA, NA, "Intercept", "MAP", "MAT", "cultivation", NA, NA, NA, NA, "Intercept", "MAP", 
"MAT", "cultivation")
16.6330178827463,13.5479095551178,-9.37018440783829,43.5697042826459,1.00135945854313,1578.18551372313,2381.03861189804,c("Intercept", "MAP", "MAT", "cultivation", NA, NA, NA, NA, "Intercept", "MAP", "MAT", "cultivation", NA, NA, NA, NA, "Intercept", "MAP", "MAT", "cultivation", NA, NA, NA, NA, "Intercept", "MAP", "MAT", "cultivation", NA, NA, NA, NA, "Intercept", "MAP", "MAT", "cultivation", NA, NA, NA, NA, "Intercept", "MAP", "MAT", "cultivation", NA, NA, NA, NA, "Intercept", "MAP", "MAT", "cultivation", NA, NA, NA, NA, "Intercept", "MAP", "MAT", "cultivation", NA, NA, NA, NA, "Intercept", "MAP", "MAT", "cultivation", 
NA, NA, NA, NA),"BranchingType","Wild",c(NA, NA, NA, NA, "Intercept", "MAP", "MAT", "cultivation", NA, NA, NA, NA, "Intercept", "MAP", "MAT", "cultivation", NA, NA, NA, NA, "Intercept", "MAP", "MAT", "cultivation", NA, NA, NA, NA, "Intercept", "MAP", "MAT", "cultivation", NA, NA, NA, NA, "Intercept", "MAP", "MAT", "cultivation", NA, NA, NA, NA, "Intercept", "MAP", "MAT", "cultivation", NA, NA, NA, NA, "Intercept", "MAP", "MAT", "cultivation", NA, NA, NA, NA, "Intercept", "MAP", "MAT", "cultivation", NA, NA, NA, NA, "Intercept", "MAP", 
"MAT", "cultivation")
-0.0692154925839319,0.0491569837288335,-0.167833727049248,0.0250777614017906,1.00143759507482,1523.34493363689,2358.93445139809,c("Intercept", "MAP", "MAT", "cultivation", NA, NA, NA, NA, "Intercept", "MAP", "MAT", "cultivation", NA, NA, NA, NA, "Intercept", "MAP", "MAT", "cultivation", NA, NA, NA, NA, "Intercept", "MAP", "MAT", "cultivation", NA, NA, NA, NA, "Intercept", "MAP", "MAT", "cultivation", NA, NA, NA, NA, "Intercept", "MAP", "MAT", "cultivation", NA, NA, NA, NA, "Intercept", "MAP", "MAT", "cultivation", NA, NA, NA, NA, "Intercept", "MAP", "MAT", "cultivation", NA, NA, NA, NA, "Intercept", "MAP", "MAT", "cultivation", 
NA, NA, NA, NA),"BranchingType","Wild",c(NA, NA, NA, NA, "Intercept", "MAP", "MAT", "cultivation", NA, NA, NA, NA, "Intercept", "MAP", "MAT", "cultivation", NA, NA, NA, NA, "Intercept", "MAP", "MAT", "cultivation", NA, NA, NA, NA, "Intercept", "MAP", "MAT", "cultivation", NA, NA, NA, NA, "Intercept", "MAP", "MAT", "cultivation", NA, NA, NA, NA, "Intercept", "MAP", "MAT", "cultivation", NA, NA, NA, NA, "Intercept", "MAP", "MAT", "cultivation", NA, NA, NA, NA, "Intercept", "MAP", "MAT", "cultivation", NA, NA, NA, NA, "Intercept", "MAP", 
"MAT", "cultivation")
0.0305270376645351,0.0596430551006455,-0.0782652766733986,0.156186430163663,1.00291308674488,1559.57687776351,2409.13366314169,c("Intercept", "MAP", "MAT", "cultivation", NA, NA, NA, NA, "Intercept", "MAP", "MAT", "cultivation", NA, NA, NA, NA, "Intercept", "MAP", "MAT", "cultivation", NA, NA, NA, NA, "Intercept", "MAP", "MAT", "cultivation", NA, NA, NA, NA, "Intercept", "MAP", "MAT", "cultivation", NA, NA, NA, NA, "Intercept", "MAP", "MAT", "cultivation", NA, NA, NA, NA, "Intercept", "MAP", "MAT", "cultivation", NA, NA, NA, NA, "Intercept", "MAP", "MAT", "cultivation", NA, NA, NA, NA, "Intercept", "MAP", "MAT", "cultivation", 
NA, NA, NA, NA),"BranchingType","Wild",c(NA, NA, NA, NA, "Intercept", "MAP", "MAT", "cultivation", NA, NA, NA, NA, "Intercept", "MAP", "MAT", "cultivation", NA, NA, NA, NA, "Intercept", "MAP", "MAT", "cultivation", NA, NA, NA, NA, "Intercept", "MAP", "MAT", "cultivation", NA, NA, NA, NA, "Intercept", "MAP", "MAT", "cultivation", NA, NA, NA, NA, "Intercept", "MAP", "MAT", "cultivation", NA, NA, NA, NA, "Intercept", "MAP", "MAT", "cultivation", NA, NA, NA, NA, "Intercept", "MAP", "MAT", "cultivation", NA, NA, NA, NA, "Intercept", "MAP", 
"MAT", "cultivation")
3.70671586155092e-05,7.80363399631343e-05,-0.000120425463977913,0.000185981630247827,1.00012942564167,5474.99732575793,4487.83031120336,c("Intercept", "MAP", "MAT", "cultivation", NA, NA, NA, NA, "Intercept", "MAP", "MAT", "cultivation", NA, NA, NA, NA, "Intercept", "MAP", "MAT", "cultivation", NA, NA, NA, NA, "Intercept", "MAP", "MAT", "cultivation", NA, NA, NA, NA, "Intercept", "MAP", "MAT", "cultivation", NA, NA, NA, NA, "Intercept", "MAP", "MAT", "cultivation", NA, NA, NA, NA, "Intercept", "MAP", "MAT", "cultivation", NA, NA, NA, NA, "Intercept", "MAP", "MAT", "cultivation", NA, NA, NA, NA, "Intercept", "MAP", "MAT", "cultivation", 
NA, NA, NA, NA),"BranchingType","Wild",c(NA, NA, NA, NA, "Intercept", "MAP", "MAT", "cultivation", NA, NA, NA, NA, "Intercept", "MAP", "MAT", "cultivation", NA, NA, NA, NA, "Intercept", "MAP", "MAT", "cultivation", NA, NA, NA, NA, "Intercept", "MAP", "MAT", "cultivation", NA, NA, NA, NA, "Intercept", "MAP", "MAT", "cultivation", NA, NA, NA, NA, "Intercept", "MAP", "MAT", "cultivation", NA, NA, NA, NA, "Intercept", "MAP", "MAT", "cultivation", NA, NA, NA, NA, "Intercept", "MAP", "MAT", "cultivation", NA, NA, NA, NA, "Intercept", "MAP", 
"MAT", "cultivation")
9.5513486105539,8.67133042790789,-7.77709476110749,26.2909842151999,1.00106554963763,1657.75300932831,1891.36069983334,c("Intercept", "MAP", "MAT", "cultivation", NA, NA, NA, NA, "Intercept", "MAP", "MAT", "cultivation", NA, NA, NA, NA, "Intercept", "MAP", "MAT", "cultivation", NA, NA, NA, NA, "Intercept", "MAP", "MAT", "cultivation", NA, NA, NA, NA, "Intercept", "MAP", "MAT", "cultivation", NA, NA, NA, NA, "Intercept", "MAP", "MAT", "cultivation", NA, NA, NA, NA, "Intercept", "MAP", "MAT", "cultivation", NA, NA, NA, NA, "Intercept", "MAP", "MAT", "cultivation", NA, NA, NA, NA, "Intercept", "MAP", "MAT", "cultivation", 
NA, NA, NA, NA),"BranchingPosition","Crop",c(NA, NA, NA, NA, "Intercept", "MAP", "MAT", "cultivation", NA, NA, NA, NA, "Intercept", "MAP", "MAT", "cultivation", NA, NA, NA, NA, "Intercept", "MAP", "MAT", "cultivation", NA, NA, NA, NA, "Intercept", "MAP", "MAT", "cultivation", NA, NA, NA, NA, "Intercept", "MAP", "MAT", "cultivation", NA, NA, NA, NA, "Intercept", "MAP", "MAT", "cultivation", NA, NA, NA, NA, "Intercept", "MAP", "MAT", "cultivation", NA, NA, NA, NA, "Intercept", "MAP", "MAT", "cultivation", NA, NA, NA, NA, "Intercept", "MAP", 
"MAT", "cultivation")
-0.0367752682928002,0.0311257137188833,-0.0974210837546016,0.0256288797152182,1.00107473093056,1617.5421434179,1915.48604010718,c("Intercept", "MAP", "MAT", "cultivation", NA, NA, NA, NA, "Intercept", "MAP", "MAT", "cultivation", NA, NA, NA, NA, "Intercept", "MAP", "MAT", "cultivation", NA, NA, NA, NA, "Intercept", "MAP", "MAT", "cultivation", NA, NA, NA, NA, "Intercept", "MAP", "MAT", "cultivation", NA, NA, NA, NA, "Intercept", "MAP", "MAT", "cultivation", NA, NA, NA, NA, "Intercept", "MAP", "MAT", "cultivation", NA, NA, NA, NA, "Intercept", "MAP", "MAT", "cultivation", NA, NA, NA, NA, "Intercept", "MAP", "MAT", "cultivation", 
NA, NA, NA, NA),"BranchingPosition","Crop",c(NA, NA, NA, NA, "Intercept", "MAP", "MAT", "cultivation", NA, NA, NA, NA, "Intercept", "MAP", "MAT", "cultivation", NA, NA, NA, NA, "Intercept", "MAP", "MAT", "cultivation", NA, NA, NA, NA, "Intercept", "MAP", "MAT", "cultivation", NA, NA, NA, NA, "Intercept", "MAP", "MAT", "cultivation", NA, NA, NA, NA, "Intercept", "MAP", "MAT", "cultivation", NA, NA, NA, NA, "Intercept", "MAP", "MAT", "cultivation", NA, NA, NA, NA, "Intercept", "MAP", "MAT", "cultivation", NA, NA, NA, NA, "Intercept", "MAP", 
"MAT", "cultivation")
0.00599919164139057,0.0348504801266531,-0.0599475969069205,0.0758824556558468,1.00083613559539,1655.09676675674,2212.08599373951,c("Intercept", "MAP", "MAT", "cultivation", NA, NA, NA, NA, "Intercept", "MAP", "MAT", "cultivation", NA, NA, NA, NA, "Intercept", "MAP", "MAT", "cultivation", NA, NA, NA, NA, "Intercept", "MAP", "MAT", "cultivation", NA, NA, NA, NA, "Intercept", "MAP", "MAT", "cultivation", NA, NA, NA, NA, "Intercept", "MAP", "MAT", "cultivation", NA, NA, NA, NA, "Intercept", "MAP", "MAT", "cultivation", NA, NA, NA, NA, "Intercept", "MAP", "MAT", "cultivation", NA, NA, NA, NA, "Intercept", "MAP", "MAT", "cultivation", 
NA, NA, NA, NA),"BranchingPosition","Crop",c(NA, NA, NA, NA, "Intercept", "MAP", "MAT", "cultivation", NA, NA, NA, NA, "Intercept", "MAP", "MAT", "cultivation", NA, NA, NA, NA, "Intercept", "MAP", "MAT", "cultivation", NA, NA, NA, NA, "Intercept", "MAP", "MAT", "cultivation", NA, NA, NA, NA, "Intercept", "MAP", "MAT", "cultivation", NA, NA, NA, NA, "Intercept", "MAP", "MAT", "cultivation", NA, NA, NA, NA, "Intercept", "MAP", "MAT", "cultivation", NA, NA, NA, NA, "Intercept", "MAP", "MAT", "cultivation", NA, NA, NA, NA, "Intercept", "MAP", 
"MAT", "cultivation")
-6.99757866605359e-05,5.60531473192027e-05,-0.000183137313246228,3.60297275773015e-05,1.00061132976682,5509.19399817776,4259.78328488772,c("Intercept", "MAP", "MAT", "cultivation", NA, NA, NA, NA, "Intercept", "MAP", "MAT", "cultivation", NA, NA, NA, NA, "Intercept", "MAP", "MAT", "cultivation", NA, NA, NA, NA, "Intercept", "MAP", "MAT", "cultivation", NA, NA, NA, NA, "Intercept", "MAP", "MAT", "cultivation", NA, NA, NA, NA, "Intercept", "MAP", "MAT", "cultivation", NA, NA, NA, NA, "Intercept", "MAP", "MAT", "cultivation", NA, NA, NA, NA, "Intercept", "MAP", "MAT", "cultivation", NA, NA, NA, NA, "Intercept", "MAP", "MAT", "cultivation", 
NA, NA, NA, NA),"BranchingPosition","Crop",c(NA, NA, NA, NA, "Intercept", "MAP", "MAT", "cultivation", NA, NA, NA, NA, "Intercept", "MAP", "MAT", "cultivation", NA, NA, NA, NA, "Intercept", "MAP", "MAT", "cultivation", NA, NA, NA, NA, "Intercept", "MAP", "MAT", "cultivation", NA, NA, NA, NA, "Intercept", "MAP", "MAT", "cultivation", NA, NA, NA, NA, "Intercept", "MAP", "MAT", "cultivation", NA, NA, NA, NA, "Intercept", "MAP", "MAT", "cultivation", NA, NA, NA, NA, "Intercept", "MAP", "MAT", "cultivation", NA, NA, NA, NA, "Intercept", "MAP", 
"MAT", "cultivation")
8.78956681917458,10.8135540155254,-12.819309792564,30.4631347459062,1.00132849146466,1527.13217788241,2198.71952857197,c("Intercept", "MAP", "MAT", "cultivation", NA, NA, NA, NA, "Intercept", "MAP", "MAT", "cultivation", NA, NA, NA, NA, "Intercept", "MAP", "MAT", "cultivation", NA, NA, NA, NA, "Intercept", "MAP", "MAT", "cultivation", NA, NA, NA, NA, "Intercept", "MAP", "MAT", "cultivation", NA, NA, NA, NA, "Intercept", "MAP", "MAT", "cultivation", NA, NA, NA, NA, "Intercept", "MAP", "MAT", "cultivation", NA, NA, NA, NA, "Intercept", "MAP", "MAT", "cultivation", NA, NA, NA, NA, "Intercept", "MAP", "MAT", "cultivation", 
NA, NA, NA, NA),"BranchingPosition","Wild",c(NA, NA, NA, NA, "Intercept", "MAP", "MAT", "cultivation", NA, NA, NA, NA, "Intercept", "MAP", "MAT", "cultivation", NA, NA, NA, NA, "Intercept", "MAP", "MAT", "cultivation", NA, NA, NA, NA, "Intercept", "MAP", "MAT", "cultivation", NA, NA, NA, NA, "Intercept", "MAP", "MAT", "cultivation", NA, NA, NA, NA, "Intercept", "MAP", "MAT", "cultivation", NA, NA, NA, NA, "Intercept", "MAP", "MAT", "cultivation", NA, NA, NA, NA, "Intercept", "MAP", "MAT", "cultivation", NA, NA, NA, NA, "Intercept", "MAP", 
"MAT", "cultivation")
-0.0379471579876185,0.0390429807213338,-0.117177078998839,0.0388481661670202,1.00134657647947,1495.6204957787,2093.62900821388,c("Intercept", "MAP", "MAT", "cultivation", NA, NA, NA, NA, "Intercept", "MAP", "MAT", "cultivation", NA, NA, NA, NA, "Intercept", "MAP", "MAT", "cultivation", NA, NA, NA, NA, "Intercept", "MAP", "MAT", "cultivation", NA, NA, NA, NA, "Intercept", "MAP", "MAT", "cultivation", NA, NA, NA, NA, "Intercept", "MAP", "MAT", "cultivation", NA, NA, NA, NA, "Intercept", "MAP", "MAT", "cultivation", NA, NA, NA, NA, "Intercept", "MAP", "MAT", "cultivation", NA, NA, NA, NA, "Intercept", "MAP", "MAT", "cultivation", 
NA, NA, NA, NA),"BranchingPosition","Wild",c(NA, NA, NA, NA, "Intercept", "MAP", "MAT", "cultivation", NA, NA, NA, NA, "Intercept", "MAP", "MAT", "cultivation", NA, NA, NA, NA, "Intercept", "MAP", "MAT", "cultivation", NA, NA, NA, NA, "Intercept", "MAP", "MAT", "cultivation", NA, NA, NA, NA, "Intercept", "MAP", "MAT", "cultivation", NA, NA, NA, NA, "Intercept", "MAP", "MAT", "cultivation", NA, NA, NA, NA, "Intercept", "MAP", "MAT", "cultivation", NA, NA, NA, NA, "Intercept", "MAP", "MAT", "cultivation", NA, NA, NA, NA, "Intercept", "MAP", 
"MAT", "cultivation")
0.0565361223936213,0.0449859363748667,-0.0276446134723139,0.150840901165276,1.00193453103088,1474.68120176549,1907.74565709105,c("Intercept", "MAP", "MAT", "cultivation", NA, NA, NA, NA, "Intercept", "MAP", "MAT", "cultivation", NA, NA, NA, NA, "Intercept", "MAP", "MAT", "cultivation", NA, NA, NA, NA, "Intercept", "MAP", "MAT", "cultivation", NA, NA, NA, NA, "Intercept", "MAP", "MAT", "cultivation", NA, NA, NA, NA, "Intercept", "MAP", "MAT", "cultivation", NA, NA, NA, NA, "Intercept", "MAP", "MAT", "cultivation", NA, NA, NA, NA, "Intercept", "MAP", "MAT", "cultivation", NA, NA, NA, NA, "Intercept", "MAP", "MAT", "cultivation", 
NA, NA, NA, NA),"BranchingPosition","Wild",c(NA, NA, NA, NA, "Intercept", "MAP", "MAT", "cultivation", NA, NA, NA, NA, "Intercept", "MAP", "MAT", "cultivation", NA, NA, NA, NA, "Intercept", "MAP", "MAT", "cultivation", NA, NA, NA, NA, "Intercept", "MAP", "MAT", "cultivation", NA, NA, NA, NA, "Intercept", "MAP", "MAT", "cultivation", NA, NA, NA, NA, "Intercept", "MAP", "MAT", "cultivation", NA, NA, NA, NA, "Intercept", "MAP", "MAT", "cultivation", NA, NA, NA, NA, "Intercept", "MAP", "MAT", "cultivation", NA, NA, NA, NA, "Intercept", "MAP", 
"MAT", "cultivation")
-0.000116864090288877,6.72589344326699e-05,-0.00025256058333202,8.72586518878286e-06,1.00045232953359,5076.83538190384,4156.19401042435,c("Intercept", "MAP", "MAT", "cultivation", NA, NA, NA, NA, "Intercept", "MAP", "MAT", "cultivation", NA, NA, NA, NA, "Intercept", "MAP", "MAT", "cultivation", NA, NA, NA, NA, "Intercept", "MAP", "MAT", "cultivation", NA, NA, NA, NA, "Intercept", "MAP", "MAT", "cultivation", NA, NA, NA, NA, "Intercept", "MAP", "MAT", "cultivation", NA, NA, NA, NA, "Intercept", "MAP", "MAT", "cultivation", NA, NA, NA, NA, "Intercept", "MAP", "MAT", "cultivation", NA, NA, NA, NA, "Intercept", "MAP", "MAT", "cultivation", 
NA, NA, NA, NA),"BranchingPosition","Wild",c(NA, NA, NA, NA, "Intercept", "MAP", "MAT", "cultivation", NA, NA, NA, NA, "Intercept", "MAP", "MAT", "cultivation", NA, NA, NA, NA, "Intercept", "MAP", "MAT", "cultivation", NA, NA, NA, NA, "Intercept", "MAP", "MAT", "cultivation", NA, NA, NA, NA, "Intercept", "MAP", "MAT", "cultivation", NA, NA, NA, NA, "Intercept", "MAP", "MAT", "cultivation", NA, NA, NA, NA, "Intercept", "MAP", "MAT", "cultivation", NA, NA, NA, NA, "Intercept", "MAP", "MAT", "cultivation", NA, NA, NA, NA, "Intercept", "MAP", 
"MAT", "cultivation")
-11.5956353479606,14.9919316389034,-42.2974792437587,16.6967161197825,1.00083895949448,1924.10555185485,2088.08623993623,c("Intercept", "MAP", "MAT", "cultivation", NA, NA, NA, NA, "Intercept", "MAP", "MAT", "cultivation", NA, NA, NA, NA, "Intercept", "MAP", "MAT", "cultivation", NA, NA, NA, NA, "Intercept", "MAP", "MAT", "cultivation", NA, NA, NA, NA, "Intercept", "MAP", "MAT", "cultivation", NA, NA, NA, NA, "Intercept", "MAP", "MAT", "cultivation", NA, NA, NA, NA, "Intercept", "MAP", "MAT", "cultivation", NA, NA, NA, NA, "Intercept", "MAP", "MAT", "cultivation", NA, NA, NA, NA, "Intercept", "MAP", "MAT", "cultivation", 
NA, NA, NA, NA),"FloweringAxis","Crop",c(NA, NA, NA, NA, "Intercept", "MAP", "MAT", "cultivation", NA, NA, NA, NA, "Intercept", "MAP", "MAT", "cultivation", NA, NA, NA, NA, "Intercept", "MAP", "MAT", "cultivation", NA, NA, NA, NA, "Intercept", "MAP", "MAT", "cultivation", NA, NA, NA, NA, "Intercept", "MAP", "MAT", "cultivation", NA, NA, NA, NA, "Intercept", "MAP", "MAT", "cultivation", NA, NA, NA, NA, "Intercept", "MAP", "MAT", "cultivation", NA, NA, NA, NA, "Intercept", "MAP", "MAT", "cultivation", NA, NA, NA, NA, "Intercept", "MAP", 
"MAT", "cultivation")
0.031565440942695,0.0531769549209456,-0.0702751923623804,0.139607946938369,1.00090084402756,1894.57499153855,2119.70370226583,c("Intercept", "MAP", "MAT", "cultivation", NA, NA, NA, NA, "Intercept", "MAP", "MAT", "cultivation", NA, NA, NA, NA, "Intercept", "MAP", "MAT", "cultivation", NA, NA, NA, NA, "Intercept", "MAP", "MAT", "cultivation", NA, NA, NA, NA, "Intercept", "MAP", "MAT", "cultivation", NA, NA, NA, NA, "Intercept", "MAP", "MAT", "cultivation", NA, NA, NA, NA, "Intercept", "MAP", "MAT", "cultivation", NA, NA, NA, NA, "Intercept", "MAP", "MAT", "cultivation", NA, NA, NA, NA, "Intercept", "MAP", "MAT", "cultivation", 
NA, NA, NA, NA),"FloweringAxis","Crop",c(NA, NA, NA, NA, "Intercept", "MAP", "MAT", "cultivation", NA, NA, NA, NA, "Intercept", "MAP", "MAT", "cultivation", NA, NA, NA, NA, "Intercept", "MAP", "MAT", "cultivation", NA, NA, NA, NA, "Intercept", "MAP", "MAT", "cultivation", NA, NA, NA, NA, "Intercept", "MAP", "MAT", "cultivation", NA, NA, NA, NA, "Intercept", "MAP", "MAT", "cultivation", NA, NA, NA, NA, "Intercept", "MAP", "MAT", "cultivation", NA, NA, NA, NA, "Intercept", "MAP", "MAT", "cultivation", NA, NA, NA, NA, "Intercept", "MAP", 
"MAT", "cultivation")
-0.0286094729939867,0.0519909829286463,-0.123179324439305,0.0791109683017909,1.00152578758147,1852.72167959819,2319.76233149115,c("Intercept", "MAP", "MAT", "cultivation", NA, NA, NA, NA, "Intercept", "MAP", "MAT", "cultivation", NA, NA, NA, NA, "Intercept", "MAP", "MAT", "cultivation", NA, NA, NA, NA, "Intercept", "MAP", "MAT", "cultivation", NA, NA, NA, NA, "Intercept", "MAP", "MAT", "cultivation", NA, NA, NA, NA, "Intercept", "MAP", "MAT", "cultivation", NA, NA, NA, NA, "Intercept", "MAP", "MAT", "cultivation", NA, NA, NA, NA, "Intercept", "MAP", "MAT", "cultivation", NA, NA, NA, NA, "Intercept", "MAP", "MAT", "cultivation", 
NA, NA, NA, NA),"FloweringAxis","Crop",c(NA, NA, NA, NA, "Intercept", "MAP", "MAT", "cultivation", NA, NA, NA, NA, "Intercept", "MAP", "MAT", "cultivation", NA, NA, NA, NA, "Intercept", "MAP", "MAT", "cultivation", NA, NA, NA, NA, "Intercept", "MAP", "MAT", "cultivation", NA, NA, NA, NA, "Intercept", "MAP", "MAT", "cultivation", NA, NA, NA, NA, "Intercept", "MAP", "MAT", "cultivation", NA, NA, NA, NA, "Intercept", "MAP", "MAT", "cultivation", NA, NA, NA, NA, "Intercept", "MAP", "MAT", "cultivation", NA, NA, NA, NA, "Intercept", "MAP", 
"MAT", "cultivation")
4.03139568508737e-05,7.74414249282262e-05,-0.000117376337663926,0.000185340746484532,1.00096388754421,5258.893734059,3874.45208993407,c("Intercept", "MAP", "MAT", "cultivation", NA, NA, NA, NA, "Intercept", "MAP", "MAT", "cultivation", NA, NA, NA, NA, "Intercept", "MAP", "MAT", "cultivation", NA, NA, NA, NA, "Intercept", "MAP", "MAT", "cultivation", NA, NA, NA, NA, "Intercept", "MAP", "MAT", "cultivation", NA, NA, NA, NA, "Intercept", "MAP", "MAT", "cultivation", NA, NA, NA, NA, "Intercept", "MAP", "MAT", "cultivation", NA, NA, NA, NA, "Intercept", "MAP", "MAT", "cultivation", NA, NA, NA, NA, "Intercept", "MAP", "MAT", "cultivation", 
NA, NA, NA, NA),"FloweringAxis","Crop",c(NA, NA, NA, NA, "Intercept", "MAP", "MAT", "cultivation", NA, NA, NA, NA, "Intercept", "MAP", "MAT", "cultivation", NA, NA, NA, NA, "Intercept", "MAP", "MAT", "cultivation", NA, NA, NA, NA, "Intercept", "MAP", "MAT", "cultivation", NA, NA, NA, NA, "Intercept", "MAP", "MAT", "cultivation", NA, NA, NA, NA, "Intercept", "MAP", "MAT", "cultivation", NA, NA, NA, NA, "Intercept", "MAP", "MAT", "cultivation", NA, NA, NA, NA, "Intercept", "MAP", "MAT", "cultivation", NA, NA, NA, NA, "Intercept", "MAP", 
"MAT", "cultivation")
-2.10028829442177,14.7562381971907,-32.4197415166074,25.715197157012,1.00018433866955,2119.39519642237,2641.09532467729,c("Intercept", "MAP", "MAT", "cultivation", NA, NA, NA, NA, "Intercept", "MAP", "MAT", "cultivation", NA, NA, NA, NA, "Intercept", "MAP", "MAT", "cultivation", NA, NA, NA, NA, "Intercept", "MAP", "MAT", "cultivation", NA, NA, NA, NA, "Intercept", "MAP", "MAT", "cultivation", NA, NA, NA, NA, "Intercept", "MAP", "MAT", "cultivation", NA, NA, NA, NA, "Intercept", "MAP", "MAT", "cultivation", NA, NA, NA, NA, "Intercept", "MAP", "MAT", "cultivation", NA, NA, NA, NA, "Intercept", "MAP", "MAT", "cultivation", 
NA, NA, NA, NA),"FloweringAxis","Wild",c(NA, NA, NA, NA, "Intercept", "MAP", "MAT", "cultivation", NA, NA, NA, NA, "Intercept", "MAP", "MAT", "cultivation", NA, NA, NA, NA, "Intercept", "MAP", "MAT", "cultivation", NA, NA, NA, NA, "Intercept", "MAP", "MAT", "cultivation", NA, NA, NA, NA, "Intercept", "MAP", "MAT", "cultivation", NA, NA, NA, NA, "Intercept", "MAP", "MAT", "cultivation", NA, NA, NA, NA, "Intercept", "MAP", "MAT", "cultivation", NA, NA, NA, NA, "Intercept", "MAP", "MAT", "cultivation", NA, NA, NA, NA, "Intercept", "MAP", 
"MAT", "cultivation")
-0.000504123845224072,0.0524206618452599,-0.100382410881634,0.104908552196764,0.999958631442522,2078.23239312581,2674.92046548245,c("Intercept", "MAP", "MAT", "cultivation", NA, NA, NA, NA, "Intercept", "MAP", "MAT", "cultivation", NA, NA, NA, NA, "Intercept", "MAP", "MAT", "cultivation", NA, NA, NA, NA, "Intercept", "MAP", "MAT", "cultivation", NA, NA, NA, NA, "Intercept", "MAP", "MAT", "cultivation", NA, NA, NA, NA, "Intercept", "MAP", "MAT", "cultivation", NA, NA, NA, NA, "Intercept", "MAP", "MAT", "cultivation", NA, NA, NA, NA, "Intercept", "MAP", "MAT", "cultivation", NA, NA, NA, NA, "Intercept", "MAP", "MAT", "cultivation", 
NA, NA, NA, NA),"FloweringAxis","Wild",c(NA, NA, NA, NA, "Intercept", "MAP", "MAT", "cultivation", NA, NA, NA, NA, "Intercept", "MAP", "MAT", "cultivation", NA, NA, NA, NA, "Intercept", "MAP", "MAT", "cultivation", NA, NA, NA, NA, "Intercept", "MAP", "MAT", "cultivation", NA, NA, NA, NA, "Intercept", "MAP", "MAT", "cultivation", NA, NA, NA, NA, "Intercept", "MAP", "MAT", "cultivation", NA, NA, NA, NA, "Intercept", "MAP", "MAT", "cultivation", NA, NA, NA, NA, "Intercept", "MAP", "MAT", "cultivation", NA, NA, NA, NA, "Intercept", "MAP", 
"MAT", "cultivation")
-0.0974947907485921,0.0585358642360062,-0.215691055082964,0.017399428716375,1.00118028772395,1858.76489323429,2094.94947138813,c("Intercept", "MAP", "MAT", "cultivation", NA, NA, NA, NA, "Intercept", "MAP", "MAT", "cultivation", NA, NA, NA, NA, "Intercept", "MAP", "MAT", "cultivation", NA, NA, NA, NA, "Intercept", "MAP", "MAT", "cultivation", NA, NA, NA, NA, "Intercept", "MAP", "MAT", "cultivation", NA, NA, NA, NA, "Intercept", "MAP", "MAT", "cultivation", NA, NA, NA, NA, "Intercept", "MAP", "MAT", "cultivation", NA, NA, NA, NA, "Intercept", "MAP", "MAT", "cultivation", NA, NA, NA, NA, "Intercept", "MAP", "MAT", "cultivation", 
NA, NA, NA, NA),"FloweringAxis","Wild",c(NA, NA, NA, NA, "Intercept", "MAP", "MAT", "cultivation", NA, NA, NA, NA, "Intercept", "MAP", "MAT", "cultivation", NA, NA, NA, NA, "Intercept", "MAP", "MAT", "cultivation", NA, NA, NA, NA, "Intercept", "MAP", "MAT", "cultivation", NA, NA, NA, NA, "Intercept", "MAP", "MAT", "cultivation", NA, NA, NA, NA, "Intercept", "MAP", "MAT", "cultivation", NA, NA, NA, NA, "Intercept", "MAP", "MAT", "cultivation", NA, NA, NA, NA, "Intercept", "MAP", "MAT", "cultivation", NA, NA, NA, NA, "Intercept", "MAP", 
"MAT", "cultivation")
0.000110208445134318,9.15679950229399e-05,-7.41920984696216e-05,0.000287882502421859,1.00077682729657,4664.72513280694,3939.78534283677,c("Intercept", "MAP", "MAT", "cultivation", NA, NA, NA, NA, "Intercept", "MAP", "MAT", "cultivation", NA, NA, NA, NA, "Intercept", "MAP", "MAT", "cultivation", NA, NA, NA, NA, "Intercept", "MAP", "MAT", "cultivation", NA, NA, NA, NA, "Intercept", "MAP", "MAT", "cultivation", NA, NA, NA, NA, "Intercept", "MAP", "MAT", "cultivation", NA, NA, NA, NA, "Intercept", "MAP", "MAT", "cultivation", NA, NA, NA, NA, "Intercept", "MAP", "MAT", "cultivation", NA, NA, NA, NA, "Intercept", "MAP", "MAT", "cultivation", 
NA, NA, NA, NA),"FloweringAxis","Wild",c(NA, NA, NA, NA, "Intercept", "MAP", "MAT", "cultivation", NA, NA, NA, NA, "Intercept", "MAP", "MAT", "cultivation", NA, NA, NA, NA, "Intercept", "MAP", "MAT", "cultivation", NA, NA, NA, NA, "Intercept", "MAP", "MAT", "cultivation", NA, NA, NA, NA, "Intercept", "MAP", "MAT", "cultivation", NA, NA, NA, NA, "Intercept", "MAP", "MAT", "cultivation", NA, NA, NA, NA, "Intercept", "MAP", "MAT", "cultivation", NA, NA, NA, NA, "Intercept", "MAP", "MAT", "cultivation", NA, NA, NA, NA, "Intercept", "MAP", 
"MAT", "cultivation")
10.7791745107476,14.3808001339108,-17.3855114656517,39.1718444258407,1.0016142485614,1352.15046120959,1562.50526876088,c("Intercept", "MAP", "MAT", "cultivation", NA, NA, NA, NA, "Intercept", "MAP", "MAT", "cultivation", NA, NA, NA, NA, "Intercept", "MAP", "MAT", "cultivation", NA, NA, NA, NA, "Intercept", "MAP", "MAT", "cultivation", NA, NA, NA, NA, "Intercept", "MAP", "MAT", "cultivation", NA, NA, NA, NA, "Intercept", "MAP", "MAT", "cultivation", NA, NA, NA, NA, "Intercept", "MAP", "MAT", "cultivation", NA, NA, NA, NA, "Intercept", "MAP", "MAT", "cultivation", NA, NA, NA, NA, "Intercept", "MAP", "MAT", "cultivation", 
NA, NA, NA, NA),"MeristemFunction","Crop",c(NA, NA, NA, NA, "Intercept", "MAP", "MAT", "cultivation", NA, NA, NA, NA, "Intercept", "MAP", "MAT", "cultivation", NA, NA, NA, NA, "Intercept", "MAP", "MAT", "cultivation", NA, NA, NA, NA, "Intercept", "MAP", "MAT", "cultivation", NA, NA, NA, NA, "Intercept", "MAP", "MAT", "cultivation", NA, NA, NA, NA, "Intercept", "MAP", "MAT", "cultivation", NA, NA, NA, NA, "Intercept", "MAP", "MAT", "cultivation", NA, NA, NA, NA, "Intercept", "MAP", "MAT", "cultivation", NA, NA, NA, NA, "Intercept", "MAP", 
"MAT", "cultivation")
-0.0503158656182227,0.0522821807817457,-0.155516399951735,0.050778426568056,1.00151850112683,1315.70375966856,1478.96206027933,c("Intercept", "MAP", "MAT", "cultivation", NA, NA, NA, NA, "Intercept", "MAP", "MAT", "cultivation", NA, NA, NA, NA, "Intercept", "MAP", "MAT", "cultivation", NA, NA, NA, NA, "Intercept", "MAP", "MAT", "cultivation", NA, NA, NA, NA, "Intercept", "MAP", "MAT", "cultivation", NA, NA, NA, NA, "Intercept", "MAP", "MAT", "cultivation", NA, NA, NA, NA, "Intercept", "MAP", "MAT", "cultivation", NA, NA, NA, NA, "Intercept", "MAP", "MAT", "cultivation", NA, NA, NA, NA, "Intercept", "MAP", "MAT", "cultivation", 
NA, NA, NA, NA),"MeristemFunction","Crop",c(NA, NA, NA, NA, "Intercept", "MAP", "MAT", "cultivation", NA, NA, NA, NA, "Intercept", "MAP", "MAT", "cultivation", NA, NA, NA, NA, "Intercept", "MAP", "MAT", "cultivation", NA, NA, NA, NA, "Intercept", "MAP", "MAT", "cultivation", NA, NA, NA, NA, "Intercept", "MAP", "MAT", "cultivation", NA, NA, NA, NA, "Intercept", "MAP", "MAT", "cultivation", NA, NA, NA, NA, "Intercept", "MAP", "MAT", "cultivation", NA, NA, NA, NA, "Intercept", "MAP", "MAT", "cultivation", NA, NA, NA, NA, "Intercept", "MAP", 
"MAT", "cultivation")
0.0467137113613063,0.0639314523737975,-0.0684722338847747,0.180545829458168,1.00094547380183,1281.72885268127,1516.04008866697,c("Intercept", "MAP", "MAT", "cultivation", NA, NA, NA, NA, "Intercept", "MAP", "MAT", "cultivation", NA, NA, NA, NA, "Intercept", "MAP", "MAT", "cultivation", NA, NA, NA, NA, "Intercept", "MAP", "MAT", "cultivation", NA, NA, NA, NA, "Intercept", "MAP", "MAT", "cultivation", NA, NA, NA, NA, "Intercept", "MAP", "MAT", "cultivation", NA, NA, NA, NA, "Intercept", "MAP", "MAT", "cultivation", NA, NA, NA, NA, "Intercept", "MAP", "MAT", "cultivation", NA, NA, NA, NA, "Intercept", "MAP", "MAT", "cultivation", 
NA, NA, NA, NA),"MeristemFunction","Crop",c(NA, NA, NA, NA, "Intercept", "MAP", "MAT", "cultivation", NA, NA, NA, NA, "Intercept", "MAP", "MAT", "cultivation", NA, NA, NA, NA, "Intercept", "MAP", "MAT", "cultivation", NA, NA, NA, NA, "Intercept", "MAP", "MAT", "cultivation", NA, NA, NA, NA, "Intercept", "MAP", "MAT", "cultivation", NA, NA, NA, NA, "Intercept", "MAP", "MAT", "cultivation", NA, NA, NA, NA, "Intercept", "MAP", "MAT", "cultivation", NA, NA, NA, NA, "Intercept", "MAP", "MAT", "cultivation", NA, NA, NA, NA, "Intercept", "MAP", 
"MAT", "cultivation")
7.34128755040668e-05,7.42820873802996e-05,-7.14422379490947e-05,0.000221483221328291,1.00227017685678,5182.21919562897,4299.47608832363,c("Intercept", "MAP", "MAT", "cultivation", NA, NA, NA, NA, "Intercept", "MAP", "MAT", "cultivation", NA, NA, NA, NA, "Intercept", "MAP", "MAT", "cultivation", NA, NA, NA, NA, "Intercept", "MAP", "MAT", "cultivation", NA, NA, NA, NA, "Intercept", "MAP", "MAT", "cultivation", NA, NA, NA, NA, "Intercept", "MAP", "MAT", "cultivation", NA, NA, NA, NA, "Intercept", "MAP", "MAT", "cultivation", NA, NA, NA, NA, "Intercept", "MAP", "MAT", "cultivation", NA, NA, NA, NA, "Intercept", "MAP", "MAT", "cultivation", 
NA, NA, NA, NA),"MeristemFunction","Crop",c(NA, NA, NA, NA, "Intercept", "MAP", "MAT", "cultivation", NA, NA, NA, NA, "Intercept", "MAP", "MAT", "cultivation", NA, NA, NA, NA, "Intercept", "MAP", "MAT", "cultivation", NA, NA, NA, NA, "Intercept", "MAP", "MAT", "cultivation", NA, NA, NA, NA, "Intercept", "MAP", "MAT", "cultivation", NA, NA, NA, NA, "Intercept", "MAP", "MAT", "cultivation", NA, NA, NA, NA, "Intercept", "MAP", "MAT", "cultivation", NA, NA, NA, NA, "Intercept", "MAP", "MAT", "cultivation", NA, NA, NA, NA, "Intercept", "MAP", 
"MAT", "cultivation")
25.2821275032981,17.8411436197963,-8.85303213264527,61.1825169558632,1.00183980714156,1608.62144793458,2156.01955957638,c("Intercept", "MAP", "MAT", "cultivation", NA, NA, NA, NA, "Intercept", "MAP", "MAT", "cultivation", NA, NA, NA, NA, "Intercept", "MAP", "MAT", "cultivation", NA, NA, NA, NA, "Intercept", "MAP", "MAT", "cultivation", NA, NA, NA, NA, "Intercept", "MAP", "MAT", "cultivation", NA, NA, NA, NA, "Intercept", "MAP", "MAT", "cultivation", NA, NA, NA, NA, "Intercept", "MAP", "MAT", "cultivation", NA, NA, NA, NA, "Intercept", "MAP", "MAT", "cultivation", NA, NA, NA, NA, "Intercept", "MAP", "MAT", "cultivation", 
NA, NA, NA, NA),"MeristemFunction","Wild",c(NA, NA, NA, NA, "Intercept", "MAP", "MAT", "cultivation", NA, NA, NA, NA, "Intercept", "MAP", "MAT", "cultivation", NA, NA, NA, NA, "Intercept", "MAP", "MAT", "cultivation", NA, NA, NA, NA, "Intercept", "MAP", "MAT", "cultivation", NA, NA, NA, NA, "Intercept", "MAP", "MAT", "cultivation", NA, NA, NA, NA, "Intercept", "MAP", "MAT", "cultivation", NA, NA, NA, NA, "Intercept", "MAP", "MAT", "cultivation", NA, NA, NA, NA, "Intercept", "MAP", "MAT", "cultivation", NA, NA, NA, NA, "Intercept", "MAP", 
"MAT", "cultivation")
-0.103105611366554,0.065152719040266,-0.233766683808888,0.0198900128203175,1.00186577963695,1561.69830039639,1984.31158499084,c("Intercept", "MAP", "MAT", "cultivation", NA, NA, NA, NA, "Intercept", "MAP", "MAT", "cultivation", NA, NA, NA, NA, "Intercept", "MAP", "MAT", "cultivation", NA, NA, NA, NA, "Intercept", "MAP", "MAT", "cultivation", NA, NA, NA, NA, "Intercept", "MAP", "MAT", "cultivation", NA, NA, NA, NA, "Intercept", "MAP", "MAT", "cultivation", NA, NA, NA, NA, "Intercept", "MAP", "MAT", "cultivation", NA, NA, NA, NA, "Intercept", "MAP", "MAT", "cultivation", NA, NA, NA, NA, "Intercept", "MAP", "MAT", "cultivation", 
NA, NA, NA, NA),"MeristemFunction","Wild",c(NA, NA, NA, NA, "Intercept", "MAP", "MAT", "cultivation", NA, NA, NA, NA, "Intercept", "MAP", "MAT", "cultivation", NA, NA, NA, NA, "Intercept", "MAP", "MAT", "cultivation", NA, NA, NA, NA, "Intercept", "MAP", "MAT", "cultivation", NA, NA, NA, NA, "Intercept", "MAP", "MAT", "cultivation", NA, NA, NA, NA, "Intercept", "MAP", "MAT", "cultivation", NA, NA, NA, NA, "Intercept", "MAP", "MAT", "cultivation", NA, NA, NA, NA, "Intercept", "MAP", "MAT", "cultivation", NA, NA, NA, NA, "Intercept", "MAP", 
"MAT", "cultivation")
0.0535995284578876,0.0818545574260933,-0.0926022740783859,0.231094556175441,1.0013717274149,1447.48892166414,1567.81419430813,c("Intercept", "MAP", "MAT", "cultivation", NA, NA, NA, NA, "Intercept", "MAP", "MAT", "cultivation", NA, NA, NA, NA, "Intercept", "MAP", "MAT", "cultivation", NA, NA, NA, NA, "Intercept", "MAP", "MAT", "cultivation", NA, NA, NA, NA, "Intercept", "MAP", "MAT", "cultivation", NA, NA, NA, NA, "Intercept", "MAP", "MAT", "cultivation", NA, NA, NA, NA, "Intercept", "MAP", "MAT", "cultivation", NA, NA, NA, NA, "Intercept", "MAP", "MAT", "cultivation", NA, NA, NA, NA, "Intercept", "MAP", "MAT", "cultivation", 
NA, NA, NA, NA),"MeristemFunction","Wild",c(NA, NA, NA, NA, "Intercept", "MAP", "MAT", "cultivation", NA, NA, NA, NA, "Intercept", "MAP", "MAT", "cultivation", NA, NA, NA, NA, "Intercept", "MAP", "MAT", "cultivation", NA, NA, NA, NA, "Intercept", "MAP", "MAT", "cultivation", NA, NA, NA, NA, "Intercept", "MAP", "MAT", "cultivation", NA, NA, NA, NA, "Intercept", "MAP", "MAT", "cultivation", NA, NA, NA, NA, "Intercept", "MAP", "MAT", "cultivation", NA, NA, NA, NA, "Intercept", "MAP", "MAT", "cultivation", NA, NA, NA, NA, "Intercept", "MAP", 
"MAT", "cultivation")
4.12360084698938e-05,0.000101061277531906,-0.000168277950678316,0.000235559562203215,1.00054860022251,4821.01688509452,3391.31835904762,c("Intercept", "MAP", "MAT", "cultivation", NA, NA, NA, NA, "Intercept", "MAP", "MAT", "cultivation", NA, NA, NA, NA, "Intercept", "MAP", "MAT", "cultivation", NA, NA, NA, NA, "Intercept", "MAP", "MAT", "cultivation", NA, NA, NA, NA, "Intercept", "MAP", "MAT", "cultivation", NA, NA, NA, NA, "Intercept", "MAP", "MAT", "cultivation", NA, NA, NA, NA, "Intercept", "MAP", "MAT", "cultivation", NA, NA, NA, NA, "Intercept", "MAP", "MAT", "cultivation", NA, NA, NA, NA, "Intercept", "MAP", "MAT", "cultivation", 
NA, NA, NA, NA),"MeristemFunction","Wild",c(NA, NA, NA, NA, "Intercept", "MAP", "MAT", "cultivation", NA, NA, NA, NA, "Intercept", "MAP", "MAT", "cultivation", NA, NA, NA, NA, "Intercept", "MAP", "MAT", "cultivation", NA, NA, NA, NA, "Intercept", "MAP", "MAT", "cultivation", NA, NA, NA, NA, "Intercept", "MAP", "MAT", "cultivation", NA, NA, NA, NA, "Intercept", "MAP", "MAT", "cultivation", NA, NA, NA, NA, "Intercept", "MAP", "MAT", "cultivation", NA, NA, NA, NA, "Intercept", "MAP", "MAT", "cultivation", NA, NA, NA, NA, "Intercept", "MAP", 
"MAT", "cultivation")
16.4188079289085,14.7549116509673,-10.840218187349,46.5128549622431,1.00228069961046,1829.77146124706,1984.84826461406,c("Intercept", "MAP", "MAT", "cultivation", NA, NA, NA, NA, "Intercept", "MAP", "MAT", "cultivation", NA, NA, NA, NA, "Intercept", "MAP", "MAT", "cultivation", NA, NA, NA, NA, "Intercept", "MAP", "MAT", "cultivation", NA, NA, NA, NA, "Intercept", "MAP", "MAT", "cultivation", NA, NA, NA, NA, "Intercept", "MAP", "MAT", "cultivation", NA, NA, NA, NA, "Intercept", "MAP", "MAT", "cultivation", NA, NA, NA, NA, "Intercept", "MAP", "MAT", "cultivation", NA, NA, NA, NA, "Intercept", "MAP", "MAT", "cultivation", 
NA, NA, NA, NA),"BranchingMechanism","Crop",c(NA, NA, NA, NA, "Intercept", "MAP", "MAT", "cultivation", NA, NA, NA, NA, "Intercept", "MAP", "MAT", "cultivation", NA, NA, NA, NA, "Intercept", "MAP", "MAT", "cultivation", NA, NA, NA, NA, "Intercept", "MAP", "MAT", "cultivation", NA, NA, NA, NA, "Intercept", "MAP", "MAT", "cultivation", NA, NA, NA, NA, "Intercept", "MAP", "MAT", "cultivation", NA, NA, NA, NA, "Intercept", "MAP", "MAT", "cultivation", NA, NA, NA, NA, "Intercept", "MAP", "MAT", "cultivation", NA, NA, NA, NA, "Intercept", "MAP", 
"MAT", "cultivation")
-0.0699579977596079,0.0537513670688207,-0.181101387904044,0.0285533457609941,1.00221067970361,1779.29372249946,1874.84097591596,c("Intercept", "MAP", "MAT", "cultivation", NA, NA, NA, NA, "Intercept", "MAP", "MAT", "cultivation", NA, NA, NA, NA, "Intercept", "MAP", "MAT", "cultivation", NA, NA, NA, NA, "Intercept", "MAP", "MAT", "cultivation", NA, NA, NA, NA, "Intercept", "MAP", "MAT", "cultivation", NA, NA, NA, NA, "Intercept", "MAP", "MAT", "cultivation", NA, NA, NA, NA, "Intercept", "MAP", "MAT", "cultivation", NA, NA, NA, NA, "Intercept", "MAP", "MAT", "cultivation", NA, NA, NA, NA, "Intercept", "MAP", "MAT", "cultivation", 
NA, NA, NA, NA),"BranchingMechanism","Crop",c(NA, NA, NA, NA, "Intercept", "MAP", "MAT", "cultivation", NA, NA, NA, NA, "Intercept", "MAP", "MAT", "cultivation", NA, NA, NA, NA, "Intercept", "MAP", "MAT", "cultivation", NA, NA, NA, NA, "Intercept", "MAP", "MAT", "cultivation", NA, NA, NA, NA, "Intercept", "MAP", "MAT", "cultivation", NA, NA, NA, NA, "Intercept", "MAP", "MAT", "cultivation", NA, NA, NA, NA, "Intercept", "MAP", "MAT", "cultivation", NA, NA, NA, NA, "Intercept", "MAP", "MAT", "cultivation", NA, NA, NA, NA, "Intercept", "MAP", 
"MAT", "cultivation")
0.0408128755489559,0.066602300577216,-0.0756890652162251,0.17927245766678,1.00307024999001,1750.71236432529,1835.25696833012,c("Intercept", "MAP", "MAT", "cultivation", NA, NA, NA, NA, "Intercept", "MAP", "MAT", "cultivation", NA, NA, NA, NA, "Intercept", "MAP", "MAT", "cultivation", NA, NA, NA, NA, "Intercept", "MAP", "MAT", "cultivation", NA, NA, NA, NA, "Intercept", "MAP", "MAT", "cultivation", NA, NA, NA, NA, "Intercept", "MAP", "MAT", "cultivation", NA, NA, NA, NA, "Intercept", "MAP", "MAT", "cultivation", NA, NA, NA, NA, "Intercept", "MAP", "MAT", "cultivation", NA, NA, NA, NA, "Intercept", "MAP", "MAT", "cultivation", 
NA, NA, NA, NA),"BranchingMechanism","Crop",c(NA, NA, NA, NA, "Intercept", "MAP", "MAT", "cultivation", NA, NA, NA, NA, "Intercept", "MAP", "MAT", "cultivation", NA, NA, NA, NA, "Intercept", "MAP", "MAT", "cultivation", NA, NA, NA, NA, "Intercept", "MAP", "MAT", "cultivation", NA, NA, NA, NA, "Intercept", "MAP", "MAT", "cultivation", NA, NA, NA, NA, "Intercept", "MAP", "MAT", "cultivation", NA, NA, NA, NA, "Intercept", "MAP", "MAT", "cultivation", NA, NA, NA, NA, "Intercept", "MAP", "MAT", "cultivation", NA, NA, NA, NA, "Intercept", "MAP", 
"MAT", "cultivation")
6.0288985813996e-05,8.00019665683675e-05,-0.000100007770349915,0.000214745821399947,1.00110573304809,4791.76226826298,3969.76806300506,c("Intercept", "MAP", "MAT", "cultivation", NA, NA, NA, NA, "Intercept", "MAP", "MAT", "cultivation", NA, NA, NA, NA, "Intercept", "MAP", "MAT", "cultivation", NA, NA, NA, NA, "Intercept", "MAP", "MAT", "cultivation", NA, NA, NA, NA, "Intercept", "MAP", "MAT", "cultivation", NA, NA, NA, NA, "Intercept", "MAP", "MAT", "cultivation", NA, NA, NA, NA, "Intercept", "MAP", "MAT", "cultivation", NA, NA, NA, NA, "Intercept", "MAP", "MAT", "cultivation", NA, NA, NA, NA, "Intercept", "MAP", "MAT", "cultivation", 
NA, NA, NA, NA),"BranchingMechanism","Crop",c(NA, NA, NA, NA, "Intercept", "MAP", "MAT", "cultivation", NA, NA, NA, NA, "Intercept", "MAP", "MAT", "cultivation", NA, NA, NA, NA, "Intercept", "MAP", "MAT", "cultivation", NA, NA, NA, NA, "Intercept", "MAP", "MAT", "cultivation", NA, NA, NA, NA, "Intercept", "MAP", "MAT", "cultivation", NA, NA, NA, NA, "Intercept", "MAP", "MAT", "cultivation", NA, NA, NA, NA, "Intercept", "MAP", "MAT", "cultivation", NA, NA, NA, NA, "Intercept", "MAP", "MAT", "cultivation", NA, NA, NA, NA, "Intercept", "MAP", 
"MAT", "cultivation")
4.76458555705599,15.0341667942947,-25.1412292106836,33.4609093756354,1.00490971758314,1925.24705077574,2051.32539726946,c("Intercept", "MAP", "MAT", "cultivation", NA, NA, NA, NA, "Intercept", "MAP", "MAT", "cultivation", NA, NA, NA, NA, "Intercept", "MAP", "MAT", "cultivation", NA, NA, NA, NA, "Intercept", "MAP", "MAT", "cultivation", NA, NA, NA, NA, "Intercept", "MAP", "MAT", "cultivation", NA, NA, NA, NA, "Intercept", "MAP", "MAT", "cultivation", NA, NA, NA, NA, "Intercept", "MAP", "MAT", "cultivation", NA, NA, NA, NA, "Intercept", "MAP", "MAT", "cultivation", NA, NA, NA, NA, "Intercept", "MAP", "MAT", "cultivation", 
NA, NA, NA, NA),"BranchingMechanism","Wild",c(NA, NA, NA, NA, "Intercept", "MAP", "MAT", "cultivation", NA, NA, NA, NA, "Intercept", "MAP", "MAT", "cultivation", NA, NA, NA, NA, "Intercept", "MAP", "MAT", "cultivation", NA, NA, NA, NA, "Intercept", "MAP", "MAT", "cultivation", NA, NA, NA, NA, "Intercept", "MAP", "MAT", "cultivation", NA, NA, NA, NA, "Intercept", "MAP", "MAT", "cultivation", NA, NA, NA, NA, "Intercept", "MAP", "MAT", "cultivation", NA, NA, NA, NA, "Intercept", "MAP", "MAT", "cultivation", NA, NA, NA, NA, "Intercept", "MAP", 
"MAT", "cultivation")
-0.0263014542475351,0.0540894523051103,-0.130583682168783,0.079875340786686,1.00482096186365,1886.32173917855,2048.56036387899,c("Intercept", "MAP", "MAT", "cultivation", NA, NA, NA, NA, "Intercept", "MAP", "MAT", "cultivation", NA, NA, NA, NA, "Intercept", "MAP", "MAT", "cultivation", NA, NA, NA, NA, "Intercept", "MAP", "MAT", "cultivation", NA, NA, NA, NA, "Intercept", "MAP", "MAT", "cultivation", NA, NA, NA, NA, "Intercept", "MAP", "MAT", "cultivation", NA, NA, NA, NA, "Intercept", "MAP", "MAT", "cultivation", NA, NA, NA, NA, "Intercept", "MAP", "MAT", "cultivation", NA, NA, NA, NA, "Intercept", "MAP", "MAT", "cultivation", 
NA, NA, NA, NA),"BranchingMechanism","Wild",c(NA, NA, NA, NA, "Intercept", "MAP", "MAT", "cultivation", NA, NA, NA, NA, "Intercept", "MAP", "MAT", "cultivation", NA, NA, NA, NA, "Intercept", "MAP", "MAT", "cultivation", NA, NA, NA, NA, "Intercept", "MAP", "MAT", "cultivation", NA, NA, NA, NA, "Intercept", "MAP", "MAT", "cultivation", NA, NA, NA, NA, "Intercept", "MAP", "MAT", "cultivation", NA, NA, NA, NA, "Intercept", "MAP", "MAT", "cultivation", NA, NA, NA, NA, "Intercept", "MAP", "MAT", "cultivation", NA, NA, NA, NA, "Intercept", "MAP", 
"MAT", "cultivation")
0.00633567402787253,0.0624354768043693,-0.10966095389714,0.134429765155962,1.00436044644393,1988.38221767714,1744.22860238153,c("Intercept", "MAP", "MAT", "cultivation", NA, NA, NA, NA, "Intercept", "MAP", "MAT", "cultivation", NA, NA, NA, NA, "Intercept", "MAP", "MAT", "cultivation", NA, NA, NA, NA, "Intercept", "MAP", "MAT", "cultivation", NA, NA, NA, NA, "Intercept", "MAP", "MAT", "cultivation", NA, NA, NA, NA, "Intercept", "MAP", "MAT", "cultivation", NA, NA, NA, NA, "Intercept", "MAP", "MAT", "cultivation", NA, NA, NA, NA, "Intercept", "MAP", "MAT", "cultivation", NA, NA, NA, NA, "Intercept", "MAP", "MAT", "cultivation", 
NA, NA, NA, NA),"BranchingMechanism","Wild",c(NA, NA, NA, NA, "Intercept", "MAP", "MAT", "cultivation", NA, NA, NA, NA, "Intercept", "MAP", "MAT", "cultivation", NA, NA, NA, NA, "Intercept", "MAP", "MAT", "cultivation", NA, NA, NA, NA, "Intercept", "MAP", "MAT", "cultivation", NA, NA, NA, NA, "Intercept", "MAP", "MAT", "cultivation", NA, NA, NA, NA, "Intercept", "MAP", "MAT", "cultivation", NA, NA, NA, NA, "Intercept", "MAP", "MAT", "cultivation", NA, NA, NA, NA, "Intercept", "MAP", "MAT", "cultivation", NA, NA, NA, NA, "Intercept", "MAP", 
"MAT", "cultivation")
-3.12657977969209e-05,8.990134793916e-05,-0.000213370273927748,0.00013394143434901,1.00211047668099,5277.89036811046,4577.16234530247,c("Intercept", "MAP", "MAT", "cultivation", NA, NA, NA, NA, "Intercept", "MAP", "MAT", "cultivation", NA, NA, NA, NA, "Intercept", "MAP", "MAT", "cultivation", NA, NA, NA, NA, "Intercept", "MAP", "MAT", "cultivation", NA, NA, NA, NA, "Intercept", "MAP", "MAT", "cultivation", NA, NA, NA, NA, "Intercept", "MAP", "MAT", "cultivation", NA, NA, NA, NA, "Intercept", "MAP", "MAT", "cultivation", NA, NA, NA, NA, "Intercept", "MAP", "MAT", "cultivation", NA, NA, NA, NA, "Intercept", "MAP", "MAT", "cultivation", 
NA, NA, NA, NA),"BranchingMechanism","Wild",c(NA, NA, NA, NA, "Intercept", "MAP", "MAT", "cultivation", NA, NA, NA, NA, "Intercept", "MAP", "MAT", "cultivation", NA, NA, NA, NA, "Intercept", "MAP", "MAT", "cultivation", NA, NA, NA, NA, "Intercept", "MAP", "MAT", "cultivation", NA, NA, NA, NA, "Intercept", "MAP", "MAT", "cultivation", NA, NA, NA, NA, "Intercept", "MAP", "MAT", "cultivation", NA, NA, NA, NA, "Intercept", "MAP", "MAT", "cultivation", NA, NA, NA, NA, "Intercept", "MAP", "MAT", "cultivation", NA, NA, NA, NA, "Intercept", "MAP", 
"MAT", "cultivation")
-17.0928017873944,23.5812170469776,-68.14994082873,26.4148605382528,1.00072979900905,1648.61083679294,1905.88850471572,c("Intercept", "MAP", "MAT", "cultivation", NA, NA, NA, NA, "Intercept", "MAP", "MAT", "cultivation", NA, NA, NA, NA, "Intercept", "MAP", "MAT", "cultivation", NA, NA, NA, NA, "Intercept", "MAP", "MAT", "cultivation", NA, NA, NA, NA, "Intercept", "MAP", "MAT", "cultivation", NA, NA, NA, NA, "Intercept", "MAP", "MAT", "cultivation", NA, NA, NA, NA, "Intercept", "MAP", "MAT", "cultivation", NA, NA, NA, NA, "Intercept", "MAP", "MAT", "cultivation", NA, NA, NA, NA, "Intercept", "MAP", "MAT", "cultivation", 
NA, NA, NA, NA),"ShortShoots","Crop",c(NA, NA, NA, NA, "Intercept", "MAP", "MAT", "cultivation", NA, NA, NA, NA, "Intercept", "MAP", "MAT", "cultivation", NA, NA, NA, NA, "Intercept", "MAP", "MAT", "cultivation", NA, NA, NA, NA, "Intercept", "MAP", "MAT", "cultivation", NA, NA, NA, NA, "Intercept", "MAP", "MAT", "cultivation", NA, NA, NA, NA, "Intercept", "MAP", "MAT", "cultivation", NA, NA, NA, NA, "Intercept", "MAP", "MAT", "cultivation", NA, NA, NA, NA, "Intercept", "MAP", "MAT", "cultivation", NA, NA, NA, NA, "Intercept", "MAP", 
"MAT", "cultivation")
0.0479732787469328,0.0833636954871473,-0.107776342968786,0.226117093572907,1.00070246658428,1630.05052877277,1854.24450601532,c("Intercept", "MAP", "MAT", "cultivation", NA, NA, NA, NA, "Intercept", "MAP", "MAT", "cultivation", NA, NA, NA, NA, "Intercept", "MAP", "MAT", "cultivation", NA, NA, NA, NA, "Intercept", "MAP", "MAT", "cultivation", NA, NA, NA, NA, "Intercept", "MAP", "MAT", "cultivation", NA, NA, NA, NA, "Intercept", "MAP", "MAT", "cultivation", NA, NA, NA, NA, "Intercept", "MAP", "MAT", "cultivation", NA, NA, NA, NA, "Intercept", "MAP", "MAT", "cultivation", NA, NA, NA, NA, "Intercept", "MAP", "MAT", "cultivation", 
NA, NA, NA, NA),"ShortShoots","Crop",c(NA, NA, NA, NA, "Intercept", "MAP", "MAT", "cultivation", NA, NA, NA, NA, "Intercept", "MAP", "MAT", "cultivation", NA, NA, NA, NA, "Intercept", "MAP", "MAT", "cultivation", NA, NA, NA, NA, "Intercept", "MAP", "MAT", "cultivation", NA, NA, NA, NA, "Intercept", "MAP", "MAT", "cultivation", NA, NA, NA, NA, "Intercept", "MAP", "MAT", "cultivation", NA, NA, NA, NA, "Intercept", "MAP", "MAT", "cultivation", NA, NA, NA, NA, "Intercept", "MAP", "MAT", "cultivation", NA, NA, NA, NA, "Intercept", "MAP", 
"MAT", "cultivation")
-0.059045646690119,0.0802717714179425,-0.213070934707566,0.101073077390522,1.00174389324335,1627.82360660666,2092.78887999688,c("Intercept", "MAP", "MAT", "cultivation", NA, NA, NA, NA, "Intercept", "MAP", "MAT", "cultivation", NA, NA, NA, NA, "Intercept", "MAP", "MAT", "cultivation", NA, NA, NA, NA, "Intercept", "MAP", "MAT", "cultivation", NA, NA, NA, NA, "Intercept", "MAP", "MAT", "cultivation", NA, NA, NA, NA, "Intercept", "MAP", "MAT", "cultivation", NA, NA, NA, NA, "Intercept", "MAP", "MAT", "cultivation", NA, NA, NA, NA, "Intercept", "MAP", "MAT", "cultivation", NA, NA, NA, NA, "Intercept", "MAP", "MAT", "cultivation", 
NA, NA, NA, NA),"ShortShoots","Crop",c(NA, NA, NA, NA, "Intercept", "MAP", "MAT", "cultivation", NA, NA, NA, NA, "Intercept", "MAP", "MAT", "cultivation", NA, NA, NA, NA, "Intercept", "MAP", "MAT", "cultivation", NA, NA, NA, NA, "Intercept", "MAP", "MAT", "cultivation", NA, NA, NA, NA, "Intercept", "MAP", "MAT", "cultivation", NA, NA, NA, NA, "Intercept", "MAP", "MAT", "cultivation", NA, NA, NA, NA, "Intercept", "MAP", "MAT", "cultivation", NA, NA, NA, NA, "Intercept", "MAP", "MAT", "cultivation", NA, NA, NA, NA, "Intercept", "MAP", 
"MAT", "cultivation")
5.87626499725526e-05,0.000114132173753741,-0.000173115550426942,0.000273369424734338,1.0003041230501,4904.78221594076,3771.71778040413,c("Intercept", "MAP", "MAT", "cultivation", NA, NA, NA, NA, "Intercept", "MAP", "MAT", "cultivation", NA, NA, NA, NA, "Intercept", "MAP", "MAT", "cultivation", NA, NA, NA, NA, "Intercept", "MAP", "MAT", "cultivation", NA, NA, NA, NA, "Intercept", "MAP", "MAT", "cultivation", NA, NA, NA, NA, "Intercept", "MAP", "MAT", "cultivation", NA, NA, NA, NA, "Intercept", "MAP", "MAT", "cultivation", NA, NA, NA, NA, "Intercept", "MAP", "MAT", "cultivation", NA, NA, NA, NA, "Intercept", "MAP", "MAT", "cultivation", 
NA, NA, NA, NA),"ShortShoots","Crop",c(NA, NA, NA, NA, "Intercept", "MAP", "MAT", "cultivation", NA, NA, NA, NA, "Intercept", "MAP", "MAT", "cultivation", NA, NA, NA, NA, "Intercept", "MAP", "MAT", "cultivation", NA, NA, NA, NA, "Intercept", "MAP", "MAT", "cultivation", NA, NA, NA, NA, "Intercept", "MAP", "MAT", "cultivation", NA, NA, NA, NA, "Intercept", "MAP", "MAT", "cultivation", NA, NA, NA, NA, "Intercept", "MAP", "MAT", "cultivation", NA, NA, NA, NA, "Intercept", "MAP", "MAT", "cultivation", NA, NA, NA, NA, "Intercept", "MAP", 
"MAT", "cultivation")
-86.1921446064061,77.0675455413167,-265.437046828668,34.333497967126,1.00205627225561,838.107856000168,800.803839067109,c("Intercept", "MAP", "MAT", "cultivation", NA, NA, NA, NA, "Intercept", "MAP", "MAT", "cultivation", NA, NA, NA, NA, "Intercept", "MAP", "MAT", "cultivation", NA, NA, NA, NA, "Intercept", "MAP", "MAT", "cultivation", NA, NA, NA, NA, "Intercept", "MAP", "MAT", "cultivation", NA, NA, NA, NA, "Intercept", "MAP", "MAT", "cultivation", NA, NA, NA, NA, "Intercept", "MAP", "MAT", "cultivation", NA, NA, NA, NA, "Intercept", "MAP", "MAT", "cultivation", NA, NA, NA, NA, "Intercept", "MAP", "MAT", "cultivation", 
NA, NA, NA, NA),"ShortShoots","Wild",c(NA, NA, NA, NA, "Intercept", "MAP", "MAT", "cultivation", NA, NA, NA, NA, "Intercept", "MAP", "MAT", "cultivation", NA, NA, NA, NA, "Intercept", "MAP", "MAT", "cultivation", NA, NA, NA, NA, "Intercept", "MAP", "MAT", "cultivation", NA, NA, NA, NA, "Intercept", "MAP", "MAT", "cultivation", NA, NA, NA, NA, "Intercept", "MAP", "MAT", "cultivation", NA, NA, NA, NA, "Intercept", "MAP", "MAT", "cultivation", NA, NA, NA, NA, "Intercept", "MAP", "MAT", "cultivation", NA, NA, NA, NA, "Intercept", "MAP", 
"MAT", "cultivation")
0.271658001587419,0.267997590167453,-0.155959659253754,0.895008875660891,1.00179488018801,846.220424764578,816.822069477559,c("Intercept", "MAP", "MAT", "cultivation", NA, NA, NA, NA, "Intercept", "MAP", "MAT", "cultivation", NA, NA, NA, NA, "Intercept", "MAP", "MAT", "cultivation", NA, NA, NA, NA, "Intercept", "MAP", "MAT", "cultivation", NA, NA, NA, NA, "Intercept", "MAP", "MAT", "cultivation", NA, NA, NA, NA, "Intercept", "MAP", "MAT", "cultivation", NA, NA, NA, NA, "Intercept", "MAP", "MAT", "cultivation", NA, NA, NA, NA, "Intercept", "MAP", "MAT", "cultivation", NA, NA, NA, NA, "Intercept", "MAP", "MAT", "cultivation", 
NA, NA, NA, NA),"ShortShoots","Wild",c(NA, NA, NA, NA, "Intercept", "MAP", "MAT", "cultivation", NA, NA, NA, NA, "Intercept", "MAP", "MAT", "cultivation", NA, NA, NA, NA, "Intercept", "MAP", "MAT", "cultivation", NA, NA, NA, NA, "Intercept", "MAP", "MAT", "cultivation", NA, NA, NA, NA, "Intercept", "MAP", "MAT", "cultivation", NA, NA, NA, NA, "Intercept", "MAP", "MAT", "cultivation", NA, NA, NA, NA, "Intercept", "MAP", "MAT", "cultivation", NA, NA, NA, NA, "Intercept", "MAP", "MAT", "cultivation", NA, NA, NA, NA, "Intercept", "MAP", 
"MAT", "cultivation")
0.0151756640330848,0.187260986483385,-0.324251064799117,0.423231910340454,1.00304671211275,1235.13226737632,1565.08499085953,c("Intercept", "MAP", "MAT", "cultivation", NA, NA, NA, NA, "Intercept", "MAP", "MAT", "cultivation", NA, NA, NA, NA, "Intercept", "MAP", "MAT", "cultivation", NA, NA, NA, NA, "Intercept", "MAP", "MAT", "cultivation", NA, NA, NA, NA, "Intercept", "MAP", "MAT", "cultivation", NA, NA, NA, NA, "Intercept", "MAP", "MAT", "cultivation", NA, NA, NA, NA, "Intercept", "MAP", "MAT", "cultivation", NA, NA, NA, NA, "Intercept", "MAP", "MAT", "cultivation", NA, NA, NA, NA, "Intercept", "MAP", "MAT", "cultivation", 
NA, NA, NA, NA),"ShortShoots","Wild",c(NA, NA, NA, NA, "Intercept", "MAP", "MAT", "cultivation", NA, NA, NA, NA, "Intercept", "MAP", "MAT", "cultivation", NA, NA, NA, NA, "Intercept", "MAP", "MAT", "cultivation", NA, NA, NA, NA, "Intercept", "MAP", "MAT", "cultivation", NA, NA, NA, NA, "Intercept", "MAP", "MAT", "cultivation", NA, NA, NA, NA, "Intercept", "MAP", "MAT", "cultivation", NA, NA, NA, NA, "Intercept", "MAP", "MAT", "cultivation", NA, NA, NA, NA, "Intercept", "MAP", "MAT", "cultivation", NA, NA, NA, NA, "Intercept", "MAP", 
"MAT", "cultivation")
7.69213736421088e-05,0.00016328622097381,-0.000267805270015491,0.000380297672720818,1.00091269938735,4279.93942611845,3134.41461442748,c("Intercept", "MAP", "MAT", "cultivation", NA, NA, NA, NA, "Intercept", "MAP", "MAT", "cultivation", NA, NA, NA, NA, "Intercept", "MAP", "MAT", "cultivation", NA, NA, NA, NA, "Intercept", "MAP", "MAT", "cultivation", NA, NA, NA, NA, "Intercept", "MAP", "MAT", "cultivation", NA, NA, NA, NA, "Intercept", "MAP", "MAT", "cultivation", NA, NA, NA, NA, "Intercept", "MAP", "MAT", "cultivation", NA, NA, NA, NA, "Intercept", "MAP", "MAT", "cultivation", NA, NA, NA, NA, "Intercept", "MAP", "MAT", "cultivation", 
NA, NA, NA, NA),"ShortShoots","Wild",c(NA, NA, NA, NA, "Intercept", "MAP", "MAT", "cultivation", NA, NA, NA, NA, "Intercept", "MAP", "MAT", "cultivation", NA, NA, NA, NA, "Intercept", "MAP", "MAT", "cultivation", NA, NA, NA, NA, "Intercept", "MAP", "MAT", "cultivation", NA, NA, NA, NA, "Intercept", "MAP", "MAT", "cultivation", NA, NA, NA, NA, "Intercept", "MAP", "MAT", "cultivation", NA, NA, NA, NA, "Intercept", "MAP", "MAT", "cultivation", NA, NA, NA, NA, "Intercept", "MAP", "MAT", "cultivation", NA, NA, NA, NA, "Intercept", "MAP", 
"MAT", "cultivation")
